كد,ةيةام,يأةامع,ةه
regiondakhlaod@gmail.com,ذ-ةدةه,,ذ-ةد
abd.bekkar.cpoe@gmail.com,ذإ,ذ,
elargoubc@gmail.com,ورع,,
communeimlili1@gmail.com,,,
crmijik@gmail.com,ج,,
communeoumdreyga2019@gmail.com,ةك,,
cp.aousserd@gmail.com,رأإ,رأ,
communeaghwinite@gmail.com,و,,
communeaousserd@gmail.com,رأ,,
commune.birgandouz@gmail.com,درئ,,
lagouira2011@gmail.com,روك,,
ct.tichla.info@gmail.com,لش,,
communezoug@gmail.com,ز,,
r.laayoune.news@hotmail.com,ءرمةس-وعةه,,ءرمةياس-ويع
communeamgala@gmail.com,ةك,امس,
crjdiriyasmara@gmail.com,ةرد,,
conseilprovinciallaayoune@gmail.com,وعإ,ويع,
boukraa1978@gmail.com,رو,,
coterdcheira@gmail.com,د,,
ct.elmarsa.rlsh.laayoune@gmail.com,ر,,
communefoumeloued2020@gmail.com,و,,
s.elmhaidi@laayoune.ma,وع,,
info.cpboujdour@gmail.com,دوإ,دو,
communeboujdour.ab@gmail.com,دو,,
jraifiacommune@gmail.com,ةفر,,
communeterritorial.lamsid@gmail.com,دس,,
cns.prvc2016@gmail.com,ةرإ,ةار,
comakhf@gmail.com,فأ,,
cd.daoura@gmail.com,د,,
comalhaggounia@outlook.com,ةوك,,
communetah93@gmail.com,ط,,
communetarfaya@gmail.com,ةر,,
region_tanger_tetouan_alhoceima@crtta.ma,ةمس-وط-ةجةه,,
cp.alhoceima@gmail.com,ةمسإ,,
ct.abdelghayasouahel.info@gmail.com,وسةغد,,
communeterritorialeaitkamra@gmail.com,رمآ,,
c.t.a.y.ouali@gmail.com,وآ,,
com.alhoceima@hotmail.com,ةمس,,
informtaourirt@gmail.com,رتءع,,
cbeniabdellah@gmail.com,اد,,
communebniahmedimougzen2017@gmail.com,زود,,
crbeniamart@gmail.com,م,,
communebenibchir1992@gmail.com,ش,,
daicbenibouayach@gmail.com,و,,
benibouchibet@gmail.com,و,,
communebeniboufrah@gmail.com,رو,,
communebnibounsaralhoceima@gmail.com,صو,,
ctbnigmil0431@gmail.com,م,,
b.g.maksouline@gmail.com,وصك,,
cr.beni.hadifa@gmail.com,ةفذ,ةميس,
c.r.chakrane@gmail.com,رق,,
c.imrabten1962@gmail.com,طر,,
comimzouren@gmail.com,ز,,
eissaguen@gmail.com,,,
communeizemmouren13@gmail.com,و,,
crketama@gmail.com,ة,,
crlouta@iam.com,و,,
cl.ahmed.chrif@hotmail.com,رشدو,,
crnekkor@gmail.com,وك,,
commune.rouadi@gmail.com,,,
snada2016@gmail.com,,,
crsidiboutmim32@hotmail.fr,ود,,
sidibouzineb@gmail.com,ود,,
c.taghzoute@gmail.com,زت,,
communetamsaout@gmail.com,ست,,
ctarguist@gmail.com,ست,,
commune.tifarouine@gmail.com,رف,,
zsa.zaouiat@gmail.com,قددة,,
ct.zerkat@gmail.com,,,
communeajdir@gmail.com,ردأ,,
cp.tangerassilah.info@gmail.com,ةأ-ةجةم,ةيأ-ةج,
communealmanzla@gmail.com,ةز,,
communeaquouassbriech@gmail.com,رو,,
info.commune.assilah@gmail.com,ةأ,,
communesebtazzinate@gmail.com,ز,,
communedarchaoui@gmail.com,ش,,
communesahelchamali@gmail.com,مشس,,
communesidiyamani@gmail.com,مد,,
communegueznia2020@gmail.com,ةنز,,
hjarennhal@gmail.com,حرج,,
communelaaouama@gmail.com,ةوع,,
communehadalgharbia@gmail,ةرغد,,
communedetanger.celluleinfo@gmail.com,ةج,,
ainlahsaninfo@gmail.com,ص,وط,
communeterretorialealhamra@gmail.com,ءرم,,
communeeloued.dai@gmail.com,و,,
c.tazla.tangertetouanalhoceima@gmail.com,أ,,
crbghaghza@gmail.com,زغ,,
communebenileit@hotmail.com,,,
communejbellehbib@gmail.com,,,
ctmalalienne@gmail.com,ل,,
ctouladalimansour@gmail.com,وصأ,,
ctsaddina.tetouan@gmail.com,ةد,,
sahtrienne@gmail.com,حس,,
communesoukkdim.provincetetouan@gmail.com,دقو,,
cr.zinat@gmail.com,ز,,
conseilprovincelarache@gmail.com,رعإ,,
communebniarouss.prv.larache@gmail.com,ر,,
communebenigorfetinfo@gmail.com,ر,ئرع,
ksarbjirelmaalouma@gmail.com,رص,,
information@ksarelkebir.ma,كرصق,,
commune.laouamra@hotmail.fr,روع,,
communelarache97@gmail.com,رع,,
ouladouchih.ct@gmail.com,أ,,
raissanachamalia-tanger.tetouan.hoceima-larache-,ةمشةص,,
rissana.janoubia@gmail.com,ةوةص,,
rttal.larache.souklqolla@hotmail.com,ةقو,,
souktolba.larache@gmail.com,ةطو,,
communtatoft@gmail.com,فط,,
tazroute_tangertetouanalhoceima@yahoo.com,ت,,
ttalarachezouada@gmail.com,,,
communebnirzine@gmail.com,,اشف,
commune.chefchaouen.info@gmail.com,شف,,
dardara.drinfo@gmail.com,د,,
maalouma.fahsanjra@gmail.com,رأ-حفةم,رأ-حف,
bahraoyine@gmail.com,رح,,
communeanjrainfo@gmail.com,رأ,,
c.jouamaa@gmail.com,ةعو,,
commune.ksar.elmajaz@gmail.com,رصق,,
communeksarsghir2017@gmail.com,غصرصق,,
conseilprefectoralmdiqfnidek@gmail.com,دف-ضةم,ديف-يض,
communealienne@gmail.com,,,
communefnideqofficiel@gmail.com,دف,,
maalouma.mdiq@gmail.com,ض,,
martilcommune.dai@gmail.com,ر,,
belyounech.cr2014@gmail.com,و,,
c.p.ouezzane@gmail.com,إ,,
ainbeidacommune@gmail.com,ءض,,
tanger.tet.houc.ouazzane.asjen@gmail.com,ج,,
ctbniqollaouazzane@gmail.com,ة,,
commune.kalaat.bouqorra01@gmail.com,روةع,,
crlamjaara.crlamjaara@gmail.com,ر,,
cr.masmouda.gov@gmail.com,ومص,,
communemoqrissat@gmail.com,صرق,,
ouezzanect@gmail.com,,,
sidiahmedcherif@gmail.com,رشدأد,,
crsidiredouane1@gmail.com,ود,,
communezghira@gmail.com,,,
crzoumi2012@gmail.com,,,
reguelmimouednoun.info@gmail.com,و-مةه,,
guelmimouednoun.guelmim.cpg@gmail.com,مإ,,
abaynoucommune@gmail.com,وبأ,,
guelmim.oued.noun.guelmim.aday@gmail.com,أ,,
ct.aferkat.info@gmail.com,ر,,
communeaitboufoulne@gmail.com,وآ,,
ctamtdiguelmim2020@gmail.com,ضطأ,,
asrircommune@gmail.com,ررسأ,,
comm.terr.bouizakarne@gmail.com,زو,يم,و-يم
echatealabiad.guelmim.ouednoun@gmail.com,ش,,
communeifraneatlassaghir@gmail.com,غصأرإ,,
laqsabitagoust@gmail.com,وكصق,,
guelmimwednoun.rassoumlil@gmail.com,أ,,
communetagante2@gmail.com,ك,,
communeterritorial.taghjijit@gmail.com,ججغ,,
targawassay1992@gmail.com,ر,,
ct.timoulay@gmail.com,وم,,
assazagconseilprovincial@gmail.com,ز-آإ,ز-اآ,
elmahbesse1992@gmail.com,,,
communeassa@gmail.com,آ,,
touizguiassa1992@gmail.com,زو,,
communezag77@gmail.com,ز,,
crbenkhlil@gmail.com,,اطا,
guelmimouednoun.communetantan@gmail.com,ط,,
communetilamzoun@gmail.com,زم,,
commune.aiterkha@gmail.com,رآ,إدي,
cr.arbaaaitabdellah@gmail.com,ادآءعأ,,
c.boutrouch.ifni1992@gmail.com,رو,,
commune.ibdar@gmail.com,رضإ,,
commune.mirleft@gmail.com,ف,,
sidiabdellahoubelaidsidiifi@gmail.com,دعأادد,,
c.sidi.mbark.info@gmail.com,د,,
commune.tangarfa92@gmail.com,رك,,
communetighirt@yahoo.com,غ,,
conseilprefectoralmohammedia@gmail.com,ةدمةم,,
benikhlef1976@gmail.com,,ةدم,
smbacommune@gmail.com,ود,,
communeainharrouda2020@gmail.com,ر,,
casasettat.mohammadia.echellalate@gmail.com,لش,,
eljadidacp@gmail.com,ددإ,,
c.azemmour.ab@gmail.com,وأ,,
cr.boulaouane@gmail.com,وعو,,
communeterritoriale.chaibate@gmail.com,ع,,
chtouka.cr@gmail.com,ةو,,
directiongenerale-elj@gmail.com,دد,,
haouzia.info@gmail.com,ةو,,
ctlaghdira2020@gmail.com,ردغ,,
communelamharzaessaheleljadida@gmail.com,سه,,
communebirjdid2020@gmail.com,دد,,
crmettouh1415@gmail.com,و,,
crmogress@gmail.com,رك,,
rhcommunemoulayabdellah@gmail.com,ادو,,
ctouledaissaeljadida@gmail.com,سأ,,
communeodhamdane@gmail.com,دأ,,
communeouladrahmoune@gmail.com,وأ,,
ctouledsaby@gmail.com,ودأ,,
c.t.ouled.frej.59@gmail.com,رأ,,
crouledghanem@yahoo.fr,أ,,
c.r.ouledhcine@gmail.com,سأ,,
cr.sebtsaiss@gmail.com,,,
cr.shba@gmail.com,ردس,,
communesidiabed@gmail.com,دد,,
ct.sidialibenhamdouch@gmail.com,دد,,
ct.akhdim@gmail.com,ددمد,,
ctsainsmail@gmail.com,د,,
ctzaouiatkouacem@gmail.com,وقة,,
crzaouiatsaiss@gmail.com,ة,,
dais-cp.settat@gmail.com,طإ,اط,
dais.benahmed@gmail.com,د,,
dais.bnikhloug@gmail.com,و,,
dais.bniyagrine@gmail.com,رك ,,
cr.bouguergouh@gmail.com,ورو,,
dais-darchaffai@gmail.com,عش,,
dais.elborouj@gmail.com,,,
dais.gdana@gmail.com,ةد,,
commune.guisser@gmail.com,رس,,
crlahouaza@gmail.com,و,,
dais.lakhzazra@gmail.com,ز,,
c.loulad@gmail.com,و,,
dais.machraabenabbou@gmail.com,ورش,,
meskoura@gmail.com,وكس,,
dais.mniaa@gmail.com,,,
dais.mrizigue@gmail.com,زر,,
mzouraofficielprsettat@gmail.com,ز,,
dais.nkhila@gmail.com,ة,,
dais.ouednaanaa@gmail.com,ع,,
dais.ouladamer@gmail.com,رأ,,
cr.ouledsfares@gmail.com,أ,,
commune.oulad.freiha2020@gmail.com,ةرأ,,
dais.ouledmrah@gmail.com,رأ,,
comteros2018@gmail.com,دعأ,,
dais.ouladsghir@gmail.com,غصأ,,
dais.ouledmhamed@gmail.com,دمأ,,
communeraselainchaouia@gmail.com,ةشعأ,,
acces.information@communesettat.ma,ط,,
ctsgamna21@gmail.com,ةكس,,
sidi.boumehdi.2015@gmail.com,دهود,,
sididahbi04@gmail.com,ذد,,
sidielaidi.1959@gmail.com,دعد,,
dais.sidihajjaj@gmail.com,جد,,
dais.sidimohammedbenrahal@gmail.com,دمد,,
mokhkamal.c.t.t@gmail.com,و,,
dais.aindorbanelahlaf@gmail.com,ل-برض,,
mzamza.janoubia@gmail.com,ةوزز,,
conseilprovincialbenslimane@gmail.com,مسإ,,
ahlafbenslimane@gmail.com,ل,,
benslimaneaintizgha@gmail.com,ةز,اميس,
cu.benslimane13000@gmail.com,مس,,
clbirennasr@gmail.com,رصرئ,,
ct.cherrat.dai@gmail.com,ر,,
c.fdalate.benslimane@gmail.com,ض,,
communemoualineeloued60@hotmail.com,وو,,
commune.touala@yahoo.com,وطأ,,
commune.o.y.l@gmail.com,وأ,,
rdadnaouledmalek@gmail.com,أةر,,
c.sidi.bettache@gmail.com,طد,,
communeziaida2020@gmail.com,ديز,,
commune.elmansouria1992@gmail.com,ةوص,,
cdarbouazza@gmail.com,زو,رو,
c.ouladsaleh1p.nouaceur1r.casa@gmail.com,أ,,
mejjatiaouladtaleb@gmail.com,طأة,ةود,
comnemediouna@gmail.com,ةود,,
sidihajjajouedhassar9@gmail.com,صجد,,
casablancasettatsidibennourbouhmame@hotmail.,c و,ودي,
casasettat.sidibennour.c.t.jabria@gmail.com,ةر,,
casasettatsidibenourkhmisksiba@gmail.com,ةصق,,
casa.sidibennour.bnidghough@gmail.com,وةد,,
ctlaagagcha92sb@gmail.com,ةشكع,,
casasettatsidibennourlaamria@gmail.com,ةرع,,
communelaaounate@gmail.com,نوع,,
communelaatatra1405@gmail.com,رطع,,
casasettatsidibennourlgharbia@gmail.com,ةرغ,,
commune_lmechrek@hotmail.com,رش,,
ctloualidia@gmail.com,ةدو,,
metrane.ct@gmail.com,رط,,
communeouledboussaken@gmail.com,وأ,,
ouladsbaita.zemamra.sidibennour@gmail.com,ةطأ,,
s.renseignement.cusidibennour@gmail.com,ود,,
consprovberrechid@gmail.com,درإ,,
communbenmaachou@gmail.com,وع,,
commune-berr@menara.ma,در,,
cuderoua@gmail.com,د,,
communeelgara2020@gmai.com,ك,,
foqraouladaameur@gmail.com,رمأرقف,,
jaqma2020@gmail.com,ةم,,
kasbatbenmchich@gmail.com,شةص,,
ct.laghnimyine@gmail.com,مغ,,
lahsasnadroitaccesinfo@gmila.com,ةس,,
ct.lambarkiyne@gmail.com,,,
ouledcommune1@gmail.com,وأ,,
ouled.cebbah2020@gmail.com,أ,,
ctouledzidaneberrechid@gmail.com,دأ,,
riah.acces.inf@gmail.com,ي,,
elmaaloumasahel@gmail.com,زرس,,
communesidiabdelkhaleq@gmail.com,دد,,
ccommunesidielmekki@gmail.com,كد,,
btrsrc2020@gmail.com,شد,,
commune.benhamdoune@hotmail.com,دمحدة,,
c.ouladziane.casa_settat.berrechid@hotmail.com,يأ,,
soualemtrifia@gmail.com,ةفرطوس,,
conseilprefectoral@casablanca.ma,ءضدةم,ءاضيد,
almaalouma@casablancacity.ma,ءضد,,
contact@rbk.ma,رف-لةه,,
conseilprov.benimellal2020@gmail.com,لإ,ل,
communeaghbala60@gmail.com,ة,,
bnioukil2020@gmail.com,خأآ,,
commun.bm@gmail.com,ل,,
ct.boutferda2017@gmail.com,رفو,,
ct-direlksiba@menara.ma,ةصقر,,
cmelksiba@gmail.com,ةصق,,
ct.foumelanceur@menara.com,رصع,,
crfo2013@gmail.com,أ,,
ct-guettaya@menara.ma,ةط,,
communekasbatadla@hotmail.com,ةتةص,,
communenaour@gmail.com,ن,,
contact@ct-ouledgnaou.ma,أ,,
ct-ouledmbarek@menara.ma,أ,,
ct-ouledsaideloued@menara.ma,ودعأ,,
ct-ouledyaich@menara.ma,عإأ,,
crouledyoussef@yahoo.fr,وأ,,
c.semguett.dr.a.inf@gmail.com,ك,,
ct-sidijabeur@menara.ma,رد,,
communetagzirt.di@gmail.com,رزت,,
tanogha2016@gmail.com,ةوت,,
contact@ct-tizinisly.ma,سز,,
communezaouitcheikh@gmail.com,شة,,
conseilprovincial.azilal@gmail.com,لأإ,,
commune@afourer.ma,وأ,,
agoudinlkhir@gmail.com,خوأ,,
communeaitabbas1951@gmail.com,آ,,
aitblalctinfo@gmail.com,لآ,,
ct.aitbououlli@gmail.com,وآ,,
commune.aitmhamed.azilal@gmail.com,دمآ,,
cr.aitmajden@gmail.com,دآ,,
ctaitmazigh@gmail.com,زآ,,
commune.ait.ouaarda@gmail.com,ر آ,,
ct.aitoumdis@gmail.com,دأ آ,,
ctaitoukabli03@gmail.com,أ آ,,
ct.aittaguella1@gmail.com,لكآ,,
c.aittamlil.paz.rbmk@gmail.com,آ,,
ct.anergui.informations@gmail.com,ر,,
c.t.anzou@gmail.com,ز,,
ctazilal20@gmail.com,لأ,,
ctbinelouidane@gmail.com,دو,,
bniayat1959@gmail.com,,لأ,
benihassan005@gmail.com,س,,
bzou.ct@gmail.com,ز,,
ctdemnateinformation@gmail.com,,,
ctfoumjemaa@gmail.com,ةعم,,
imlilinfo2020@gmail.com,,,
communeterritorialisseksi@gmail.com,سك,,
ctmoulayaissabendriss@gmail.com,سو,,
ct.ouaouizerth05@gmail.com,ز,,
ctouaoula61@gmail.com,,,
ctrfala.pceazilal@gmail.com,ة,,
sidi.boulkhalf@gmail.com,ود,,
provinceazilalctsidiyaacoub@gmail.com,وقعد,,
bm.kh.azilal.ct.tabant@gmail.com,,,
ct.tabaroucht@gmail.com,,,
tabiacommune@gmail.com,ةت,,
ct.taguleft2017@gmail.com,فت,,
ct.tamdanoumercid2020@gmail.com,درودت,,
ct.tanant@gmail.com,,,
ct.taounza.pr.azilal@gmail.com,زت,,
tidilifetouaka64@gmail.com,ةوطد,,
tiffertnaithamzaazilal@gmail.com,زن رف,,
informations.tifni@gmail.com,ف,,
crtilouguite03509@gmail.com,و,,
communetimoulilt@gmail.com,وم,,
ct.tisqui.93.p.az@gmail.com,قس,,
zaouitahansal59@gmail.com,صأة,,
cpkhnifra@gmail.com,رفإ,,
communeaguelmame@gmail.com,زأمأ,,
cta.aguelmous@gmail.com,ومأ,,
ctaitishaq2020@gmail.com,حإآ,,
aitsaadelli@hotmail.com,دعآ,,
communeelborj8@gmail.com,,,
communeelhammam92@gmail.com,م,,
crelkbabab@gmail.com,ق,,
bmkhf.khenifra.hadbouhsousen@gmail.com,وسودأ,,
kerrouchencommune@gmail.com,ر,,
communekhenifra1@gmail.com,رف,,
communelehri1992@gmail.com,ر,,
communeurbainemrirt@gmail.com,رر,,
crmohaouhammouzayani@hotmail.fr,يزوأو,,
ctmybouazza@gmail.com,زوو,,
ouaoumana.ct@gmail.com,ة,,
c.oumrabia@gmail.com,رأ,,
ctsebtaitrahou@gmail.com,وآ,,
communesidiamar@gmail.com,رمد,,
sidihcinectsidihcine@gmail.com,سد,,
ctsidilamine1@gmail.com,د,,
communesidiyahyaousaad@gmail.com,دأد,,
communetighessaline2019@gmail.com,سغ,,
conseilprovincialfquihbensalah@gmail.com,قفإ,ايقف,
crb.chegdal@gmail.com,دك,,
crb.oukil@gmail.com,,,
crhbradia@gmail.com,ةر,,
cr.dozidouh@gmail.com,دد,,
ct.fbsaleh@gmail.com,قف,,
crh.boumoussa@gmail.com,وود,,
ct.ahlmerbaa@gmail.com,رأ,,
cr.khalfia@gmail.com,ةف,,
cr.krifat@gmail.com,فر,,
ct.oayad@gmail.com,أ,,
cr.oldbourahmoune@gmail.com,ووأ,,
cr.onaceur@gmail.com,رنأ,,
cr.ozmam@gmail.com,أ,,
cr.saissa@gmail.com,سد,,
cr.sidihammadi@gmail.com,د,,
ct.ssebt@gmail.com,ةم سو,,
cprovincialkhouribga.info@gmail.com,ةكرإ,ةكر,
aitammarregionbenimellalkhenif@gmail.com,مأ,,
benimellal.kheni.khouri.bejaad@gmail.com,دع,,
ctainkaicherdai@gmail.com,رش,,
ctbirmezoui2019@gmail.com,زرئ,,
ctbenibataou1951@gmail.com,,,
ctbnismir@gmail.com,,,
benikhlef1976@gmail.com,,,
ctbenizrantel@gmail.com,,,
ctboukhraiss1992@gmail.com,رو,,
ct.braksa@gmail.com,ةس,,
crchougrane1976@hotmail.com,ركش,,
communeelfokrakhouribga@gmail.com,ءرقف,,
khenifra.khouribga.hattane@gmail.com,ط,,
ct.kasbattroch@gmail.com,رطةص,,
dicommunekhouribga@.menara.ma,ةكر,,
ddibouzadlagfaf@gmail.com,فك,,
c.lagnadiz.p.kh.r.bk@gmail.com,زك,,
bnimelalkhnifrakhoribgamaadna@gmail.com,ةع,,
ct.ouledabdoune@gmail.com,دأ,,
ouladaissa92@gmail.com,سأ,,
ctouledfennaneinformations@gmail.com,أ,,
info.cro.ouledgouaouch@gmail.com,وأ,,
ctroached@hotmail.com,در,,
crtachrafet@gmail.com,رش,,
crdraatafilalet@gmail.com,لت-ةةه,,
communeaitzineb@gmail.com, آ,,
communeidelssane2020@gmail.com,س,,
crighremnougdal@gmail.com,دور,,
ctoulaoune@gmail.com,وإ,,
ctkhouzama@gmail.com,ةز,,
commune.ouarzazate@gmail.com,,,
caejouisselsat@gmail.com,س,,
ctsiroua@gmail.com,ر,,
ct.skoura@gmail.com,ووك,,
crtarmigt@gmail.com,كر,,
commune.tidili@yahoo.com,د,,
commune.afra@gmail.com,رأ,و,
cuagdz@hotmail.com,دأ,,
ctaitouallal.dai@gmail.com,آ,,
ctfezouataelbounimustapha@gmail.com,ةز,,
crktaoua@yahoo.fr,,,
c.tmhamidelghizlane2@gmail.com,زغد,,
commune.mezguitam@gmail.com,ةطز,,
ouledyahyazagora@gmail.com,رركأ,,
cr.taftechna@gmail.com,شت,,
rdt.pz.ctagh@gmail.com,ت,,
communetagounite@gmail.com,وت,,
cttamegroute.pzagora@gmail.com,ركت,,
cttamazouzte@gmail.com,وز,,
tanssift.zagora.100.68.19@gmail.com,فست,,
commune.tazarine.zagora@gmail.com,ت,,
communeternata@hotmail.com,ةنر,,
daraatafilalt.zagora.comzagora@gmail.com,و,,
conseilprovincial.errachidia7@gmail.com,ةدرإ,ةدير,
communearab.sebbahgheris@gmail.com,رر,,
crasziz@hotmail.fr,زر,,
communeaghbalounkerdous2018@gmail.com,ركو,,
c.tamellagou.erra.draatafilalet@gmail.com,ول,,
cr.aoufous@yahoo.fr,وأ,,
communearfoud@outlook.fr,وأ,,
bsijilmassa@gmail.com,ةمجدم,,
communeboudenib@gmail.com,و,,
draatafilaleterachidiamdaghra@gmail.com,ردءر,,
communerissani@yahoo.com,صر,,
ct.sefalat.dratafilal.rachidia@gmail.com,لفس,,
essifa@gmail.com,فس,,
communeettaous@gmail.com,ط,,
communeferklaessoufla.di@gmail.com,فسةر,,
fezna2008@hotmail.com,نز,,
gheriselouloui@gmail.ma,وعر,,
gherisessoufli1992@gmail.com,فسر,,
ygoulmimainfos@gmail.com,ةمم,,
pachalik.jorf.commune.jorf@gmail.com,ر,,
crkcrk2015@gmail.com,,,
commune.myalicherif@gmail,رشو,,
communeouednaam@gmail.com,ع,,
communetadighoust2020@gmail.com,وغت,,
communedetinejdad@gmail.com,دج,,
draatafilalt.tinghir.cp@gmail.com,غإ,,
draatafilalettinghiraithani@gmail.com,آ,غ,
craitelfarsi@gmail.com,رفآ,,
communeaitouassiftinghir@gmail.com,آ,,
r.dtafl.tinghir.cait.sedrat.jbel.o@gmail.com,ع دآ,,
crjbelsoufla.maalouma@gmail.com,فسدآ,,
aitsedratesahelcharkia@gmail.com,ةرشهسدآ,,
communeaityoul@gmail.com,وآ,,
ma3loumalnif@gmail.com,,,
communeassoul@gmail.com,و,,
ctboumalnedadesinfo@gmail.com,و,,
draatafilalet.tinghir.hssyia@gmail.com,ص,,
ighilnoumgoune@gmail.com,وكو,,
commune.mgouna@gmail.com,ةوكةع,,
draatafilalt.tinghir.messici@gmail.com,سص,,
cr.ouaklim@gmail.com,,,
cr.taghzoute14@gmail.com,طنزغ,,
commune.tilmi.2020@gmail.com,م,,
communetighirt@yahoo.com,غ,,
ct.aghbalou@gmail.com,وأ,دي,
draatafilalet.midelt.agoudim@gmail.com,دأ,,
communet.aityahya@gmail.com,آ,,
ctaitayach2017@gmail.com,آ,,
ctaitbenyacoub2017@gmail.com,وقعآ,,
commune.aitizdeg@gmail.com,إآ,,
communeamersid.midelt@gmail.com,درأ,,
amouguer.midelt.daraatafilalet@gmail.com,روأ,,
commune.anemzi1992@gmail.com,زأ,,
crbouazmou@gmail.com,وو,,
daraatafilalt.midelt.boumia@gmail.com,ةو,,
ctnzala@gmail.com,ةز,,
ct.errich.midelt@gmail.com,ر,,
gourramacommune@gmail.com,ةر,,
crguerstiallaline@gmail.com,لعر,,
guircommune@gmail.com,,,
ct.imilchil@gmail.com,شإ,,
ctitzer1960@gmail.com,زإ,,
masmed.mibladen27@gmail.com,ل,,
c.midelt.droit.acces.inf@gmail.com,د,,
crmzizel2020@gmail.com,زز,,
sidiaayad@gmail.com,د,,
ctsidiyahyaouyoussef@gmail.com,وأد,,
tanourdi425@gmail.com,و,,
tizineghechou.ct@gmail.com,وشغز,,
cttounfiteindh@gmail.com,فو,,
zaida2020ct@gmail.com,د,,
ctzshamza1977.midelt@gmail.com,زدة,,
rabat@rabatlacapitale.org,بر,بر,
skhiratetemara.rabatsalekenitra@gmail.com,-خصةم,,
communeainelaouda@gmail.com,وع,,
croumazza@gmail.com,زأ,ا-خص,رطق-ل-بر
communesebbah2018@outlook.com,,,
cu.skhirat2013@gmail.com,خص,,
rskkhemissetcommuneaitmalek@gmail.com,آ,اسيم,
commune.aitmimoune@gmail.com,ومآ,,
communeaityadineprovkhemisset@gmail.com,دآ,,
ezzhiliga14@gmail.com,ةكز,,
commune.jemaamoullablad@gmail.com,لوةع,,
khemissidiyahia2020@gmail.com,د,,
ct.oulmes2020@gmail.com,,,
communerommani@outlook.fr,ر,,
sfassifrskkht@com.ma,فص,,
ctsidiabderrazak@gmail.com,ردد,,
7a9.alma3louma.sab@gmail.com,رحلد,,
csidiallalmsedder1@gmail.com,دصلد,,
collectivitelocale102068@gmail.com,سأآ,,
c.ainjohrasidiboukhalkhal@gmail,خود-رو,,
communelallamimouna@gmail.com,ةومل,رطيق,
communesouktletgharb@gmail.com,رغءثل و,,
cr.alhaouafate@gmail.com,و,ادي,
communebabtiouka@gmail.com,و ب,,
hadchbanate@gmail.com,ن,,
dargueddari.info@gmail.com,دك,,
darlaaslouji.rsk.sidikacem@gmail.com,وسع,,
cu.hadkourt@gmail.com,ود,,
ds.khnichet@gmail.com,ش,,
communelamrabih@communelamrabih.ma,ر,,
dsa.communembk@gmail.com,صقرش,,
communemyabdelkader@gmail.com,قدو,,
communedenouirate.sidikacem@gmail.com,رو,,
communesefsaf.info.co@gmail.com,صف,,
ctselfat1992@gmail.com,ف,,
crsahadi@hotmail.com,رمد,,
communesidiazzouz@gmail.com,زد,,
communedesidikacem@gmail.com,د,,
taoughilt.ct.psk@gmail.com,و,,
ctzaggota.info@gmail.com,ةو,,
ziraracommunecentre@gmail.com,ر,,
information@crameur.com,ر,ل,
communedesaledai@villedesale.ma,ل,,
province.sidislimane.azghar1992@gmail.com,أ,اميدي,
sidislimane.ct.boumaiz@gmail.com,زعو,,
sidislimane.ctdarbelamri@gmail.com,رع,,
ctkceibia.pvce.sidislimane@gmail.com,ةصق,,
sidislimane.ct.ouledbenhammadi@gmail.com,أ,,
sidislimane.ctouledhcine@gmail.com,سأ,,
sidislimane.ct.sfafaa@gmail.com,ةعفص,,
sidislimane.ctsidiyahiagharb@gmail.com,رغد,,
sidislimane.ct.ameurchamalia@gmail.com,ةمشر,,
rfm.citoyen@gmail.com,ك-ةه,,
fesmeknes.taza.conseilprovincial@gmail.com,تإ,ت,
communeaitsaghrouchen@gmail.com,رغآ,,
comajdir@gmail.com,ردأ,,
communeaknoul@gmail.com,وأ,,
ctbabboudir1992@gmail.com,وب,,
cr.babmarzouka2020@gmail.com,ةرب,,
fesmeknestazacommunebnifrassen@gmail.com,ر,,
communebniftah@gmail.com,,,
fes.meknes.taza.bnilent@gmail.com,,,
fesmeknestazabouchfaa@gmail.com,ةفو,,
communebouhlou@gmail.com,وو,,
bouyablane.commune@gmail.com,لو,,
c.gouzate2019@gmail.com,وك,,
galdamane.info@gmail.com,د,,
ghiata.algharbia2020@gmail.com,ةرغة,,
gzenayamaalouma2020@gmail.com,ةوةنز,,
commune.jbarnataza@gmail.com,ة,,
kafelgharfesmeknestaza@gmail.com,غ,,
fesmeknestazamaghraoua@gmail.com,رغ,,
ctmeknassaacharqia@gmail.com,ةرشةك,,
communemaknassalgharbia@gmail.com,ةرغةك,,
c.tmsila35152@gmail.com,ةس,,
coa.ac.information@gmail.com,,,
fesmeknestazaouladchref@gmail.com,رشأ,,
ouledzbairtazafesmeknes@gmail.com,ربأ,,
crbaaelfouki@gmail.com,وفر,,
fesmeknestazasidialibourakba@gmail.com,ةود,,
smiacom@gmail.com,ةعمص,,
fesmeknestazatahla@gmail.com,ةت,,
commune.taifa@gmail.com,ةفط,,
tainestecommune2022@gmail.com,,,
tazarine.commune@gmail.com,ت,,
ctiziouasli.ptaza@gmail.com,ز,,
communetraiba@gmail.com,ةر,,
commune.zrarda@gmail.com,ز,,
communetaza.information@gmail.com,ت,,
communetbnioulid@gmail.com,د,,
cbouadel.taounate.fesmeknes@gmail.com,و,,
bouchabel@hotmail.com,و,,
communeelbibane@outlook.fr,,,
azami.ctgalaz.doi@gmail.com,ل,,
communekissane@gmail.com,س,,
communeloulja.taounate@gmail.com,ةو,,
ctmezraouainfo@gmail.com,ز,,
communemkansa@gmail.com,ةسك,,
moulayabdelkrimfesmeknestaouna@gmail.com,ركدو,,
communeoudka@gmail.com,ة,,
ctouledayad@gmail.com,أ,,
cr.raseloued@gmail.com,و,,
communerhafsai@gmail.com,سف,,
fesmeknes.taounate.rhwazi@gmail.com,وغ,,
communesidielhajmhamed@hotmail.com,دمد,,
communesidimokhfi@gmail.com,فخد,,
communesidiyahyabenizeroual@gmail.com,د,,
crtamdite@gmail.com,ض,,
commune.thar.souk@gmail.com,وسره,,
timezgana@gmail.com,ةز,,
communezrizer@gmail.com,زز,,
cpmyyacoub@gmail.com,وقعوإ,وقعو,
ainkansarapmy@gmail.com,رص,,
ainbouali10@gmail.com,و,,
communeainchkef1@gmail.com,قش,,
laajajra@gmail.com,رجع,,
commune.louadaine@gmail.com,و,,
comikkes@gmail.com,ك,,
c.moulayyacoub@gmail.com,وقعو,,
ouledmimoun22@gmail.com,ومأ,,
sebaarouadi.ai@gmail.com,,,
commune.sebtloudaya@gmail.com,ة,,
communesididaoud@gmail.com,د,,
cps.sefrou@gmail.com,رفإ,رف,
communeadrejmaalouma@gmail.com,أ,,
craghbalou.aqorar@gmail.com,وقأو,,
communeahlsidilahceninfo@gmail.com,سدأ,,
ainchegagj@gmail.com,كش,,
timguenai.92@gmail.com,ك,,
lajroufcommuneaitsbaa@gmail.com,رسآ,,
azzaba.fesmeknes.sefrou@gmail.com,ةز,,
fesmeknes.sefrou.bhalil@gmail.com,ه,,
admc.birtamtam@gmail.com,رئ,,
darelhamra1992@gmail.com,ءرم,,
d.a.i.c.elmenzel@gmail.com,ز,,
cighezraneinfo@gmail.com,زإ,,
kandarsidikhiar@gmail.com,دد,,
communelaanoussar2019@gmail.com,روع,,
commune.mtarnagha.sefrou@gmail.com,ةنرط,,
ouledmkoudou59@gmail.com,وكأ,,
commune.rastabouda@gmail.com,وت,,
curek2016@gmail.com,ب,,
acces.info.sefrou@gmail.com,رف,,
communesidiyoussefbenahmed@gmail.com,دود,,
communetafajighy20@gmail.com,غجت,,
fesmeknessefroutazouta@gmail.com,ةت,,
cprovincialboulemane@gmail.com,وإ,,
craitbazza@gmail.com,بآ,,
ait.elmane@gmail.com,آ,,
sdai.cboulemane@gmail.com,و,,
commune.elmers@gmail.com,ر,او,
communedemissour@gmail.com,وس,,
communeouizeght.boulemane@gmail.com,ز,,
communeoutatelhajdai@gmail.com,أ,,
serghina2020@gmail.com,ةر,,
sidiboutayeb2017@gmail.com,ود,,
crskouramdaz@gmail.com,د-وك,,
cr.talzemt@gmail.com,زت,,
commune.ain.taoujdate1@gmail.com,طت,ا,
communeaitharzallahlhajeb@gmail.com,ارآ,,
commune.aitnaamane.elhajeb@gmail.com-c.ait_,n معآ,,
communeaityaazem1@gmail.com,زعآ,,
commune.laqsir@gmail.com,صق,,
rasijerri.accesinformation@gmail.com,إ,,
ifraneconsilprovincial@gmail.com,رإإ,رإ,
crainleuhinfo@gmail.com,و,,
azroufesmeknesifrane@gmail.com,أ,,
comdayetaoua83@gmail.com,وة,,
fesconseilprefectoral@gmail.com,ةم,ا,
communeainbeida996@gmail.com,ءض,,
c.r.ouledtayeb@gmail.com,طأ,,
communemechouar2017@gmail.com,ددوش,,
droitdaccesalinformation@fes.ma,,,
conseilprefecturemeknes@gmail.com,كةم,اك,
ainjemaacommune20@gmail.com,ةعم,,
communeainorma2020@gmail.com,ةر,,
commune.aitouallal@gmail.com,آ,,
mechouarstinia.dai@gmail.com,ةوش,,
commune.de.boufekrane@gmail.com,ركو,,
charqaoua6@gmail.com,ر,,
c.daroumsoltane@gmail.com,طسأ,,
communedkhissa.maalouma@gmail.com,ةسد,,
communemhayameknes@gmail.com,ةه,,
crmajjat@gmail.com,,,
ct.midriss.zerhoun@gmail.com,و إو,,
mrhassiyine@gmail.com,غ,,
c.r.nzalat.beni.ammar@gmail.com,مةز,,
oualilinformation@gmail.com,,,
ouedjdida.fesmeknes.meknes@gmail.com,دد,,
crainkermaouedrommane@gmail.com,ر-ةر,,
c.ouislane.maalouma2020@gmail.com,لس,,
sidiabdellahelkhayat@gmail.com,ادد,,
communessmk2020@gmail.com,فكومد,,
communetoulalinfo@gmail.com,و,,
communemeknesinfo@gmail.com,ك,,
rsm@soussmassa.ma,ة-وةه,,
c.r.amskroud@gmail.com,ركس,,
soussmassa.agadir.aourir@gmail.com,رأ,,
communedrarga46@gmail.com,ةد,,
idminecommune1@gmail.com,م,اإ-راأ,
commune.tadrart@gmail.com,د,,
communetaghazout@gmail.com,غ,,
tiqqi.commune@gmail.com,ق,,
31.13conseil.inzgnatml@gmail.com,وآ–زإةم,وآ–ازإ,
soussmassa.inezganeaitmelloul.aitmelloul@aitmell,وآ,,
communelqliaa@gmail.com,ةعق,,
communetemsia1@gmail.com,ةس,,
cprovincialchtoukaaitbaha@gmail.com,بآ-ةوإ,ابآ-ةو,
ct.aitamira.sch@gmail.com,م أ,,
ct.a.baha.p.chtoukaab@gmail.com,ب آ,,
communeaitmzal.pcab@gmail.com,زآ,,
ctaitmilkpcab@gmail.com, آ,,
c.t.aitouadrim.pcab@gmail.com, آ,,
ct.aouguenz.pcab@gmail.com,زأ,,
communebelfaa59@gmail.com,ف,,
ct.biougra.dai31.13@gmail.com,رو,,
cthilala.pcab2020@gmail.com,ةل,,
ct.idaougnidif_commune@yahoo.com,ظإ,,
ctimimqourne2020chtoukaaitbaha@gmail.com,وقإ,,
info.c.inchaden@gmail.com,ش,,
massa.information2020@gmail.com,ة,,
ouedessafacommune@gmail.com,ءفص,,
sidi.abdallah.el.bouchouari@gmail.com,ووادد,,
communebibid271@gmail.com,د,,
sidiboushab.chtoukaaitbaha@gmail.com,حسود,,
crsidiwassay92@hotmail.fr,د,,
communetanalt.pcab@gmail.com,,,
cttarguantouchka@gmail.com,كوت,,
tassegdelt.chtoukaaitbaha@gmail.com,دكس,,
tizintakoucht12.92@gmail.com,وكز,,
conseilprovincetaroudannt@gmail.com,تإ,,
souss.taroudant.ctahlrmel@gmail.com,رأ,,
ct.ahmerlaglalcha.dr.info@gmail.com,ةشلكر,,
cr.aitabdellah@gmail.com,ادآ,,
soussmassa.taroudant.aitiazza@gmail.com,زعإآ,,
ct.ait.igass@gmail.com,آ,,
aitmakhlouf.taroudnt.soussmassa@gmail.com,وآ,,
communeamaloutard@gmail.com,وأ,,
agadirtaroudantaoulouz@gmail.com,وأ,,
s.massa.taroudant.arazane@gmail.com,أ,,
communeterritorialeargana@gmail.com,ةأ,,
commuesaskaouen@gmail.com,كأ,,
soussmassa.taroudannt.assads@gmail.com,أ,,
commune.assaisse.taliouine@gmail.com,أ,,
communeruraleassaki89@gmail.com,أ,,
souss.massa.taroudant.azagharnirs@outlook.com,أ,,
ctazrar@gmail.com,أ,,
bigoudine1ct@gmail.com,وك,,
ct.bounrar@gmail.com,رو,,
eddir.inf.taroudant@gmail.com,رد,,
communeelfaid2016@gmail.com,ف,,
soussmassataroudantelguerdane@gmail.com,رك,,
soussmatatou.ctelkoudia@gmail.com,ءضةدك,,
communefreija@gmail.com,ةر,,
idaougailalcr@yahoo.fr,لإ,,
communeiglitaroudant941@gmail.com,إ,,
soussmassataroudantigoudar@gmail.cm,وكإ,,
commune00iguidi@iguidi.com,دإ,,
smassa.taroudant.imintayarte@gmail.com,إ,,
ct.imilmaiss.prtaroudant.infos@gmail.com,مإ,,
ct.issen29@gmail.com,إ,,
s.massa.taroudant.ctlakhnafif@gmail.com,,,
ss.massataroudantlamhadi92@gmail.com,ه,,
clamhara@gmail.com,ه,,
communeruralelamnizla@gmail.com,ةز,,
communemachraaelain@gmail.com,عرش,,
s.soussmassa.taroudant.nihit@gmail.com,ح,,
oualkadi62.21@gmail.com,ق,,
ouledaissa5657@gmail.com,سأ,,
soussmassataroudantouledberhil@gmail.com,رأ,,
c.ouledteima@gmail.com,ةتأ,,
soussmassataroudantsidiabdellahousaid@gmail.co,دعأادد,,
sousse.taroudant.sidihmadoumeur@gmail.com,رمأدأد,,
ctsidibourjama3loma@gmail.com,ود,,
ct.sidiboumoussa.s.massa.taroudant@gmail.com,وود,,
crsididahmane@gmail.com,د,,
communeterritoriale.sidihssaine@gmail.com,سد,,
soussmassataroudantsidimoussalhamri@outlook.c,o رمود,,
s.massa.taroudant.sidiouaaziz62@gmail.com,ززد,,
cttabia.soussmassa.taroudant1992@gmail.com,ت,,
commune.tafingoult@gmail.com,وكت,,
c.t.tafraouten.taroudant@gmail.com,رت,,
cttalgjount66@gmail.com,وجكت,,
commune.taliouine2020@gmail.com,وت,,
communeterritorialetalmakant@gmail.com,ت,,
soussmassataroudanttaouyalte@gmail.com,يت,,
communetaroudannt@gmail.com,ت,,
cttataout@gmail.com,,,
sm.taroudant.tidssinissendalene@gmail.com,دسد,,
s.massa.taroudant.tigouga20@gmail.com,ةوك,,
tindinecommune@gmail.com,د,,
taroudanttinzert@gmail.com,ز,,
crtiout@yahoo.fr,و,,
tisfanetaroudant1992@gmail.com,فس,,
tisrasse-65@hotmail.com,رس,,
communetizintest1993@gmail.com,ز,,
sousmassa.taroudant77toubkal@gmail.com,ق,,
cttoumlilinecommune1993@gmail.com,و,,
zagmouzencommune@gmail.com,وم,,
zsiditahar92@gmail.com,رطدة,,
provincetiznit.dgs@gmail.com,زإ,يزي,
ctafellaighir.tiznit@gmail.com,إلأ,,
ct.aitissafen.infos@gmail.com,فإآ,,
cr.aitouafqa@gmail.com,قآ,,
contact.ammelne@gmail.com,أ,,
anzi.cr@gmail.com,زأ,,
communearbaaaitahmed@gmail.com,دأآءعأ,,
c.r.arbaa.resmouka@gmail.com,ةو ءعأ,,
sahel.tiznit.souss@gmail.com,سءعأ,,
commune.bounaamane@gmail.com,معو,,
elmaader.infos@gmail.com,كدع,,
communeidagougmar@gmail.com,موإ,,
communetahala@gmail.com,ةإ,,
commune.sebtouijjane@gmail.com,,,
ct.reggada@gmail.com,ر,,
ctsidiahmedoumoussa@gmail.com,وأدأد,,
communesidibouabdelli@gmail.com,دود,,
c.tafraout.info@gmail.com,رت,,
cttafraoutelmouloud@gmail.com,وورف,,
c.t.tarsouat@gmaill.com,وت,,
ct.tassrirt@gmail.com,ررت,,
communetighmi@gmail.com,مغ,,
dai.commune.tiznit@gmail.com,ز,,
ct.tizoughrane@gmail.com,رز,,
cr.tnine.aday@gmail.com,أ,,
craglou2012@gmail.com,وأ,,
cpdetata@yahoo.com,إ,اا,
cradistata@gmail.com,,,
caguinane@gmail.com,أ,,
aitouabellicommune@gmail.com,آ,,
communeakka.bod@gmail.com,أ,,
crakkaighane@gmail.com,غإأ,,
allougoum.commune@gmail.com,وو,,
cti.yacoub@gmail.com,وقعإ,,
crissafen1959@gmail.com,إ,,
ct.kasbah@gmail.com,اددةص,,
ctoumelguerdane@gmail.com,ركأ,,
crtagmouttata@gmail.com,ومك,,
c.rtamanart@gmail.com,,,
communeurbainedetata@gmail.com,,,
tigzmert20l5@gmail.com,زك,,
ct.tissint@gmail.com,س,,
tizghetemi12a@gmail.com,ز,,
c.ttizounine@gmail.com,ز,,
commune.tlite@gmail.com,,,
crms.udi@gmail.com,فآ-رةه,,
cp12chichaoua@gmail.com,شإ,اشي,
ct.adassil1959@gmail.com,,,
ct.affellaissen@gmail.com,سإلأ,,
communeahdil06@gmail.com,د,,
ainetazitounte1992@gmail.com,وز,,
aithaddouyoussef92@gmail.com,ودآ,,
ctaithadichichao@gmail.com,آ,,
ct.assifelmal2020@gmail.com,أ,,
commune.bouabout@gmail.com,وو,,
bouaboutamadlane@hmail.com,د وو,,
cu.chichaoua@gmail.com,ش,,
ct.douirane@gmail.com,ر,,
guemassa.information@gmail.com,ةم,,
cr.ichamraren@gmail.com,ر,,
crimindounite@gmail.com,دإ,,
communeimintanout@gmail.com,و,,
c.irohalene@gmail.com,إ,,
kouzemt.c.t@gmail.com,و,,
communelallaaziza@gmail.com,ززل,,
crlamzoudia@gmail.com,ةز,,
communemejjat.chichaoua@gmail.com,,,
communeruralnfifa@gmail.com,ةفف,,
ouadlbour@gmail.com,و,,
communeouladmoumna16@gmail.com,ةوأ,,
c.rahala@gmail.com,ة,,
commune.saidate@gmail.com,دعس,,
sidimokhtar.2016@gmail.com,خد,,
sidiabdelmoumen.marrakechchich@gmail.com,ودد,,
sidibouzid.ragragui@gmail.com,رردود,,
sidighanem1996@gmail.com,د,,
sidimhameddalil2020@gmail.com,دمد,,
commune.taouloukoult@gmail.com,وت,,
commune.timezgadiouine@gmail.com,دز,,
timlilt2020@gmail.com,,,
crzaouianahlia@gmail.com,ةحةز,,
communemzouda2020@gmail.com,ةز,,
conseilprovincealhaouz@gmail.com,وإ,,
communeabadou.alhaouz@gmail.com,بأ,,
communeaghbar92@gmail.com,,,
cuaitourir.ph@gmail.com,رأأ,,
ct.aitadel@gmail.com,آ,,
ctaitfaska.alhaouz@gmail.com,ك آ,,
communeaithkimaityzid@gmail.com,دآ-كآ,,
aitsididaoud.haouz@gmail.com,د آ,,
amghras2024@gmail.com,رغأ,,
amizmizzelhaouazmarrakechsafi@gmail.com,ززأ,,
communeanougal@gmail.com,ك,,
communeruraleasni@gmail.com,,,
cr.azgour@gmail.com,و,,
marrakechelhouzdarjamaa@gmail.com,,و,
ctghmate.rmsalhaouz2020@gmail.com,م,,
ighilalhaouzinfo42@gmail.com,,,
iguerferouane.alhaouz@gmail.com,رر,,
c.t.ijoukak@gmail.com,و,,
imgdal927@gmail.com,دك,,
communetakerkouste@gmail.com,وركل,,
communemoulaybrahim@gmail.com,رو,,
ctouzguita@gmail.com,ة,,
communeouirgane1977@gmail.com,ر,,
commune.oukaimden.alhaouz@gmail.com,د,,
ouladmtaa2031@gmail.com,طأ,,
communeourika1980@gmail.com,ةكأ,,
sidiabdellahghiate@gmail.com,ادد,,
sidibadhaj2030@gmail.com,دد,,
settifadmacommune@gmail.com,ةم,,
tahanaoutelhaouzmarrakechsafi@gmail.com,,,
commune.talatnyacoub@gmail.com,وقعل,,
tamaguert.safe@gmail.com,رك,,
cttamazouzte@gmail.com,,,
tameslohtmaaloumat39@gmail.com,وص,,
communetazarte2020@gmail.com,ز,,
tidilimes.haouz@gmail.com,وفسد,,
crtighdouine@gmail.com,دغ,,
tizguine.information@gmail.com,ز,,
touama.information@gmail.com,ةو,,
communezerkten@gmail.com,ط,,
c.aghouatim@gmail.com,و,,
almajlis.aliklimi.kds@gmail.com,ةرسةعإ,,
sahrij1974@gmail.com,رهص,,
bouyaomar2016@gmail.com,رمو,,
commune_choara92@hotmail.com,ءرعش,,
communechtaibak.s@gmail.com,ةط,,
ctdzouz@gmail.com,د,,
eddachracommune@gmail.com,رد,,
ctamria1951@gmail.com,ةرع,,
communeelmarbouh@gmail.com,ور,,
errafayaacommune@gmail.com,ةعر,,
communefraita@gmail.com,ةطرف,,
cr.hiadna@homail.com,ة,,
crjbiel@gmail.com,,,
communejoualla@gmail.com,ةو,,
directionservicesck@gmail.com.,ةرسةع,,
laatamna52@gmail.com,ةع,,
communeattaouia@gmail.com,ةطع,,
attaouiachaibia.kelaasraghna@gmail.com,ةعشةطع,,
louedlakhdar217@gmail.com,رضو,,
commune.lounasda@gmail.com,دنو,,
communemzemsanhaja1@gmail.com,ةهز,,
ctmayate@gmail.com,,ةرسةع,
communeouarguiterritorial@gmail.com,,,
ct.ouledaamer@gmail.com,رمأ,,
ouledarrad2020@gmail.com,رأ,,
loued@gmail.com,ووأ,,
com.od.cherki@gmail.com,رشأ,,
ouledelgarne2013@gmail.com,ركأ,,
communeouledkhallouf@gmail.com,وأ,,
ctodmassoud@gmail.com,وعسأ,,
communeouledmsabel@gmail.com,سأ,,
ctouledsbih@gmail.com,أ,,
communeouledyaagoub@gmail.com,وكعأ,,
communeouledzerrad.info@gmail.com,أ,,
ctsidiaissabenslimane@gmail.com,مسد,,
ctsidielhattab@gmail.com,طد,,
cr.sidimoussa2015@gmail.com,ود,,
ct.sidirahalelkelaa@gmail.com,د,,
communetamalalet@gmail.com,ل,,
ct.taouzint.123@gmail.com,و,,
commune.zamrane@gmail.com,ر,,
ctzemranecherquia@gmail.com,ةرشر,,
droitinfznada@gmail.com,ن,,
conseilprov.essaouira@gmail.com,روصإ,روص,
communeadaghas1043@gmail.com,أ,,
communeaglif33@gmail.com,,,
aquermoud@gmail.com,ورأ,,
anoulidbouz@gmail.com,ش,,
cr.haddraa.essaouira@gmail.com,دد,,
idaouguelloul@gmail.com,ودإ,,
ctidaoukazzou@gmail.com,دإ,,
ct.imgrad@gmail.com,ركإ,,
commune.t.kechoula@gmail.com,ةوش,,
communekorimate@gmail.com,رك,,
marrakechsafi.essaouira.mramer@gmail.com,رر,,
communemeskala@outlook.com,ةكس,,
moulyabouerktoune2018@gmail.com,وطوو,,
sidi.abdejalil@gmail.com,دد,,
sidighanem.e@gmail.com,د,,
markechsouirasidiahmedouhamed@gmail.com,دأدد,,
commune.sidiahmedoumbarek@gmail.com,أدأد,,
info.ctsidiishaq@gmail.com,حإد,,
sidikaoukicommune@gmail.com,د,,
sidilaaroussicommune@gmail.com,رعد,,
ct.tafedna.inf@gmail.com,ةضف,,
cr.takate@gmail.com,ك,,
cttarguantouchka@gmail.com,ت,,
c.timzguidaouftass@gmail.com,وىأدز,,
zaouitbenhmidaessaouira@gmail.com,دة,,
cpprovsafi@gmail.com,فآإ,,
cttouabet.safi@gmail.com,و,فآ,
ctayir.safi@gmail.com,,,
ctbouguedra.safi@gmail.com,دو,,
ctdarsiaissa.safi@gmail.com,س,,
beddouzasaficripr@gmail.com,د,,
ctlaghiate.safi@gmail.com,غ,,
ctelgouraani.safi@gmail.com,رك,,
cthrara.safi@gmail.com,ر,,
ctjemaashaim.safi@gmail.com,حةع,,
ctkhattazakane.safi@gmail.com,,,
ctlaamamra.safi@gmail.com,رمع,,
ctlabkhati.safi@gmail.com,خ,,
ctlahdar.safi@gmail.com,رض,,
lamaachat.souiria@gmail.com,ع,,
ctlamrasla.safi@gmail.com,ةر,,
ctlamsabih.safi@gamil.com,ص,,
ctmoulbergui.safi@gmail.com,و,,
ctnagga.safi@gmail.com,ك,,
ctouladsalman.safi@gmail.com,م,,
ctsaadla.safi@gmail.com,ع,,
ctgzoula.safi@gmail.com,ةز,,
ctsidiaissa.safi@gmail.com,سد,,
cr.sidiettiji1961@gmail.com,جد,,
ctsafi.safi@gmail.com,فآ,,
ctchahda.safi@gmail.com,ده,,
conseil.prefectoral.marrakech.20@gmail.com,رةم,ر,
ctagafay2020dai@gmail.com,فأ,,
aitimourdainform@gmail.com,وإآ,,
alouidanemarrakechsafi@gmail.com,دو,,
com.harbil.dai@gmail.com,ر,,
communeloudaya.2020@gmail.com,ة,,
mnabha.infos@gmail.com,ة,,
commune.mechouar.kasbah.m@gmail.com,ةصق-وش,,
ouahatsidibrahiminformation@gmail.com,ردة,,
ouledhassounemarrakechinfo@gmail.com,وسأ,,
communeouleddlim@gmail.com,أ,,
communesaadamarrakechsafi@gmail.com,ع,,
marrakechsidzouine@gmail.com,زد,,
souihlamarrakech20@gmail.com,ةهوس,,
ct.tassoultante.dai@gmail.com,طس,,
marrakechdai@gmail.com,ر,,
d.information.rehamna@gmail.com,ةرإ,,
communeaithammou@gmail.com,وآ,,
aittaleb.rhmna@gmail.com,طآ,,
akarmacommune@gmail.com,ةرك,,
dainformation@villebenguerir.ma,رر,,
cr.bouchane@gmail.com,و,,
bourroussrhamna1992@gmail.com,و,,
ct.jaafra1962@gmail.com,رع,,
jaidat.cr@gmail.com,دع,ةار,
ct.labrikiyine.20@gmail.com,ك,,
mharra.cr@gmail.com,ر,,
nzalatlaadem75@gmail.com,ظع ز,,
oulad-amer-tizmarine@gmail.com,رزرأ,,
kechsafirhamna.odhasshamri@gmail.com,روسأ,,
ctouledimloul@gmail.com,وأ,,
ctrasainrhamna@gmail.com,ةر,,
droitaccinfcsa@gmail.com,ادد,,
ctsidialilabrahla@gmail.com,ةد,,
communesidibouothmane@gmail.com,مود,,
sidiboubker46@gmail.com,ركود,,
commune.t.sidighanem@gmail.com,د,,
ctsidimansour.prcerhamna@gmail.com,وصد,,
skhourrehamna2020@gmail.com,ةروخ,,
ct.skoura.elhadra@gmail.com,دوك,,
communetlauh@gmail.com,وط,,
jbilaterhamna@gmail.com,ل,,
conseilprovincialyoussoufia@gmail.com,ةفوإ,ةيفوي,
information.ctattiamim@gmail.com,ط,,
municipaliteaccesinfo@gmail.com,ةمش,,
communeelgantour@gmail.com,وك,,
ct.esbiaat@gmail.com,ع,,
pryoussoufiacommuneighoud@gmail.com,وغإ,,
ctjdour@gmail.com,ذ,,
c.tjnanebouih@gmail.com,و,,
communelakhoualqa@gmail.com,ةقو,,
ct.raselain.youssoufia@gmail.com,عأ,,
c.t.sidichikeryoussoufia2020@gmail.com,ركد,,
commune_youssoufia5358@yahoo.com,ةفو,,
info@cr-oriental.ma,رشةه,,
conseilprefectoraloujdaangad@gmail.com,أ-دةم,اأ-د,
informationsangad2019@gmail.com,كأ,,
communeterritorialeainsfa@gmail.com,فص,,
acceauinformationbnidrar@gmail.com,,,
bnikhaled.orientaloujdangad@gmail.com,د,,
communelabsara@gmail.com,ص,,
isly.commune@yahoo.fr,إ,,
communemestferki1967@gmail.com,رفس,,
sgcommuneneima@gmail.com,ةمع,,
communesidiboulanouar@gmail.com,وود,,
droitinfo@communeoujda.ma,د,,
communegafaitinfo@gmail.com,ف,,
communedeguenfouda@gmail.com,وف,,
maaloumalabkhata@gmail.com,ةخ,,
orientaljeradamrija@hotmail.com,ةر,,
ouled.sidi.abdelhakem@gmail.com,ددأ,,
communerasasfour@gmail.com,وفص,,
crtiouli1243@gmail.com,و,,
comtouissit.int.gov@gmail.com,سو,,
cpberkane@gmail.com,رإ,ار,
ahfircommune1965@gmail.com,فأ,,
cu-reggada@hotmail.com,ر,,
communeaklimberkane@gmail.com,أ,,
information49berkane@gmail.com,ر,,
orientalberkaneboughriba@gmail.com,ةرو,,
maalouma.chouihia@gmail.co,ةوش,,
commune.sidi.bouhria@gmail.com,ةرود,,
sidislimaneechecheraa2020@gmail.com,ةرش-مد,,
information.taforalt@gmail.com,وت,,
ctzegzel@gmail.com,ز,,
ahlouedza2020@gmail.com,أ,رت,
oujda.taourirt.ainlehjer@gmail.com,رج,,
maaloumactdebdou@gmail.com,د,,
c.elaiounsidimellouk@gmail.com,ود-وع,,
c.t.elatef@gmail.com,ع,,
gteterinfo@gmail.com,طط,,
crmechraahammadi@gmail.com,رش,,
ctmestegmerdracinf@gamil.com,رمكس,,
ctouledmhamedprovincetaourirt@gmail.com,دمأ,,
tancherfi1962@gmail.com,رش,,
taourirtdroitaccesinformation@gmail.com,رت,,
ctabboulakhal@gmail.fr,حكو,يج,
communeainchouater@gmail.com,روش,,
communebnitadjit2020@gmail.com,د,,
orientalfiguigbniguil@gmail.com,,,
communebouanane.figuig@gmail.com,و,,
cubouarfa20@gmail.com,ةرو,,
anoualbouchaoune@gmail.com,و,,
commune.boumerieme@gmail.com,رو,,
oriental.figuig.figuig@gmail.com,ج,,
c.maatarka.pfiguig@gmail.com,ةع,,
talsint.figuig.oriental@gmail.com,ست,,
crtendrarapf@hotmail.fr,د,,
ctainchair@gmail.com,عش,,
comaroui@gmail.com,رع,,
est.nador.bni.bouifrour@gmail.com,رفو,,
infcbchiker@gmail.com,رك,,
bnisideljbelnador@gmail.com,د,,
commune.bninsar.dai@bninsar.ma,ص,,
communebenioukil@gmail.com,دأ,,
commune.bouareg@gmail.com,رو,,
maloumahassiberkane20@gmail.com,ر,,
informiaaz2020@gmail.com,زعإ,,
old.daoud.zekhanine.nador@hotmail.com,أ,,
c.settout@gmail.com,وأ,,
orientalnadorselouane@hotmail.com,و,,
commune.zaio@zaio.ma,و,,
zeghanghanecommune@gmail.com,غ,,
conseilprovincialguercif77@gmail.com,رإ,ير,
orientalguercifassabbab@gmail.com,ص,,
communebarkine@gmail.com,ر,,
guercif.ecoute@hotmail.com,ر,,
houara_ouled_raho@hotmail.fr,وأو,,
guercif.c.lamrija@gmail.com,ةر,,
commune.mezguitam@gmail.com,ز,,
c.t.ouladbourima@gmail.com,ةو,,
ct.raslaksarguercifoujda@gmail.com,رصق,,
saka@menara.ma,ة,,
taddar.ct@gmail.com,ت,,
info.cpdriouch@gmail.com,ودإ,ود,
commune.ainzohra@gmail.com,رز,,
ctaitmait@gmail.com,آ,,
amejjaoucommune@gmail.com,,,
ct.azlef@gmail.com,,,
bentaieborientaldriouch@gmail.com,ط,,
crbm93@gmail.com,ر,,
cdarkebdani2020@gmail.com,دك,,
commune.t.driouch@hotmail.com,ود,,
communeiferni@gmail.com,ر,,
ijarmaouasdriouch@gmail.com,ور,,
com.mhajer@gmail.com,ره,,
midar.informations@gmail.com,ض,,
ct.ouardana@gmail.com,ة,,
ctoldamghar@gmail.com,غأأ,,
ctboubker2020@gmail.com,ركوأ,,
communetafersit@hotmail.com,رف,,
ctazaghine@gmail.com,ز,,
communetemsamane@gmail.com,مس,,
trougoutcommune@gmail.com,ور,,
commune.tsaft@gmail.com,س,,
mtalssa.33@gmail.com,ةسط,,
