title,url
الحكومة تتدارس 7 مشاريع مراسيم,https://www.hespress.com/%d8%a7%d9%84%d8%ad%d9%83%d9%88%d9%85%d8%a9-%d8%aa%d8%aa%d8%af%d8%a7%d8%b1%d8%b3-7-%d9%85%d8%b4%d8%a7%d8%b1%d9%8a%d8%b9-%d9%85%d8%b1%d8%a7%d8%b3%d9%8a%d9%85-1483171.html
أخنوش يتباحث مع أمين مجلس الخليج,https://www.hespress.com/%d8%a3%d8%ae%d9%86%d9%88%d8%b4-%d9%8a%d8%aa%d8%a8%d8%a7%d8%ad%d8%ab-%d9%85%d8%b9-%d8%a3%d9%85%d9%8a%d9%86-%d9%85%d8%ac%d9%84%d8%b3-%d8%a7%d9%84%d8%ae%d9%84%d9%8a%d8%ac-1480687.html
روبليس ترفض توجيه اتهامات للمغرب,https://www.hespress.com/%d8%b1%d9%88%d8%a8%d9%84%d9%8a%d8%b3-%d8%aa%d8%b1%d9%81%d8%b6-%d8%aa%d9%88%d8%ac%d9%8a%d9%87-%d8%a7%d8%aa%d9%87%d8%a7%d9%85%d8%a7%d8%aa-%d9%84%d9%84%d9%85%d8%ba%d8%b1%d8%a8-1479380.html
تعاون القضاء بين المغرب وكازاخستان,https://www.hespress.com/%d8%aa%d8%b9%d8%a7%d9%88%d9%86-%d8%a7%d9%84%d9%82%d8%b6%d8%a7%d8%a1-%d8%a8%d9%8a%d9%86-%d8%a7%d9%84%d9%85%d8%ba%d8%b1%d8%a8-%d9%88%d9%83%d8%a7%d8%b2%d8%a7%d8%ae%d8%b3%d8%aa%d8%a7%d9%86-1480623.html
بنطلحة يقارب دفاع الجامعة عن الصحراء,https://www.hespress.com/%d8%a8%d9%86%d8%b7%d9%84%d8%ad%d8%a9-%d9%8a%d9%82%d8%a7%d8%b1%d8%a8-%d8%af%d9%81%d8%a7%d8%b9-%d8%a7%d9%84%d8%ac%d8%a7%d9%85%d8%b9%d8%a9-%d8%b9%d9%86-%d8%a7%d9%84%d8%b5%d8%ad%d8%b1%d8%a7%d8%a1-1475809.html
سقوط نظام بشار الأسد يضع العلاقات السورية-المغربية في مفترق طرق,https://www.hespress.com/%d8%b3%d9%82%d9%88%d8%b7-%d9%86%d8%b8%d8%a7%d9%85-%d8%a8%d8%b4%d8%a7%d8%b1-%d8%a7%d9%84%d8%a3%d8%b3%d8%af-%d9%8a%d8%b6%d8%b9-%d8%a7%d9%84%d8%b9%d9%84%d8%a7%d9%82%d8%a7%d8%aa-%d8%a7%d9%84%d8%b3%d9%88-1477900.html
بوريطة: المغرب يدعم وحدة واستقرار ليبيا بعيدًا عن التدخلات الخارجية,https://www.hespress.com/%d8%a8%d9%88%d8%b1%d9%8a%d8%b7%d8%a9-%d8%a7%d9%84%d9%85%d8%ba%d8%b1%d8%a8-%d9%8a%d8%af%d8%b9%d9%85-%d9%88%d8%ad%d8%af%d8%a9-%d9%88%d8%a7%d8%b3%d8%aa%d9%82%d8%b1%d8%a7%d8%b1-%d9%84%d9%8a%d8%a8%d9%8a-1483738.html
"""خطوة تاريخية"".. المغرب يصوّت بالأمم المتحدة لفائدة وقف تنفيذ الإعدام",https://www.hespress.com/%d8%ae%d8%b7%d9%88%d8%a9-%d8%aa%d8%a7%d8%b1%d9%8a%d8%ae%d9%8a%d8%a9-%d8%a7%d9%84%d9%85%d8%ba%d8%b1%d8%a8-%d9%8a%d8%b5%d9%88%d9%91%d8%aa-%d8%a8%d8%a7%d9%84%d8%a3%d9%85%d9%85-%d8%a7%d9%84%d9%85-1483368.html
إعادة تفكيك أطروحة انفصال الصحراء.. مفاهيم مؤسسة وسردية تاريخية,https://www.hespress.com/%d8%a5%d8%b9%d8%a7%d8%af%d8%a9-%d8%aa%d9%81%d9%83%d9%8a%d9%83-%d8%a3%d8%b7%d8%b1%d9%88%d8%ad%d8%a9-%d8%a7%d9%86%d9%81%d8%b5%d8%a7%d9%84-%d8%a7%d9%84%d8%b5%d8%ad%d8%b1%d8%a7%d8%a1-%d9%85%d9%81%d8%a7-1485357.html
الملك يهنئ أمير قطر بالعيد الوطني,https://www.hespress.com/%d8%a7%d9%84%d9%85%d9%84%d9%83-%d9%8a%d9%87%d9%86%d8%a6-%d8%a3%d9%85%d9%8a%d8%b1-%d9%82%d8%b7%d8%b1-%d8%a8%d8%a7%d9%84%d8%b9%d9%8a%d8%af-%d8%a7%d9%84%d9%88%d8%b7%d9%86%d9%8a-1483767.html
"""حزب الأحرار"" يتمنى الشفاء للملك",https://www.hespress.com/%d8%ad%d8%b2%d8%a8-%d8%a7%d9%84%d8%a3%d8%ad%d8%b1%d8%a7%d8%b1-%d9%8a%d8%aa%d9%85%d9%86%d9%89-%d8%a7%d9%84%d8%b4%d9%81%d8%a7%d8%a1-%d9%84%d9%84%d9%85%d9%84%d9%83-1478269.html
الملك يهنئ رئيس رومانيا بالعيد الوطني,https://www.hespress.com/%d8%a7%d9%84%d9%85%d9%84%d9%83-%d9%8a%d9%87%d9%86%d8%a6-%d8%b1%d9%88%d9%85%d8%a7%d9%86%d9%8a%d8%a7-%d8%a8%d8%a7%d9%84%d8%b9%d9%8a%d8%af-%d8%a7%d9%84%d9%88%d8%b7%d9%86%d9%8a-1473818.html
"الجزائر واستفتاء الصحراء .. جمود إيديولوجي وحنين إلى ""التصويت الفرنسي""",https://www.hespress.com/%d8%a7%d9%84%d8%ac%d8%b2%d8%a7%d8%a6%d8%b1-%d9%88%d8%a7%d8%b3%d8%aa%d9%81%d8%aa%d8%a7%d8%a1-%d8%a7%d9%84%d8%b5%d8%ad%d8%b1%d8%a7%d8%a1-%d8%ac%d9%85%d9%88%d8%af-%d8%a5%d9%8a%d8%af%d9%8a%d9%88%d9%84-1476905.html
ماكرون يشكر الملك على نجاح الوساطة,https://www.hespress.com/%d9%85%d8%a7%d9%83%d8%b1%d9%88%d9%86-%d9%8a%d8%b4%d9%83%d8%b1-%d8%a7%d9%84%d9%85%d9%84%d9%83-%d8%b9%d9%84%d9%89-%d9%86%d8%ac%d8%a7%d8%ad-%d8%a7%d9%84%d9%88%d8%b3%d8%a7%d8%b7%d8%a9-1484234.html
"تأسيس ""الريشة"" يطرح جدوى تفريخ الأحزاب في خريطة السياسة المغربية",https://www.hespress.com/%d8%aa%d8%a3%d8%b3%d9%8a%d8%b3-%d8%a7%d9%84%d8%b1%d9%8a%d8%b4%d8%a9-%d9%8a%d8%b7%d8%b1%d8%ad-%d8%ac%d8%af%d9%88%d9%89-%d8%aa%d9%81%d8%b1%d9%8a%d8%ae-%d8%a7%d9%84%d8%a3%d8%ad%d8%b2%d8%a7%d8%a8-1485127.html
الطالبي العلمي يقوم بزيارة إلى سلوفينيا,https://www.hespress.com/%d8%a7%d9%84%d8%b7%d8%a7%d9%84%d8%a8%d9%8a-%d8%a7%d9%84%d8%b9%d9%84%d9%85%d9%8a-%d9%8a%d9%82%d9%88%d9%85-%d8%a8%d8%b2%d9%8a%d8%a7%d8%b1%d8%a9-%d8%a5%d9%84%d9%89-%d8%b3%d9%84%d9%88%d9%81%d9%8a%d9%86-1478292.html
رئيس موريتانيا في زيارة خاصة للرباط,https://www.hespress.com/%d8%b1%d8%a6%d9%8a%d8%b3-%d9%85%d9%88%d8%b1%d9%8a%d8%aa%d8%a7%d9%86%d9%8a%d8%a7-%d9%81%d9%8a-%d8%b2%d9%8a%d8%a7%d8%b1%d8%a9-%d8%ae%d8%a7%d8%b5%d8%a9-%d9%84%d9%84%d8%b1%d8%a8%d8%a7%d8%b7-1484043.html
لقاء الملك محمد السادس والرئيس الغزواني يبعث برسائل مغاربية إيجابية,https://www.hespress.com/%d9%84%d9%82%d8%a7%d8%a1-%d8%a7%d9%84%d9%85%d9%84%d9%83-%d9%85%d8%ad%d9%85%d8%af-%d8%a7%d9%84%d8%b3%d8%a7%d8%af%d8%b3-%d9%88%d8%a7%d9%84%d8%b1%d8%a6%d9%8a%d8%b3-%d8%a7%d9%84%d8%ba%d8%b2%d9%88%d8%a7-1485484.html
العاهل السعودي يدعو بالصحة للملك,https://www.hespress.com/%d8%a7%d9%84%d8%b9%d8%a7%d9%87%d9%84-%d8%a7%d9%84%d8%b3%d8%b9%d9%88%d8%af%d9%8a-%d9%8a%d8%af%d8%b9%d9%88-%d8%a8%d8%a7%d9%84%d8%b5%d8%ad%d8%a9-%d9%84%d9%84%d9%85%d9%84%d9%83-1478563.html
"وهبي يستعرض أمام مجلس الحكومة تفعيل مقترحات مراجعة ""مدونة الأسرة""",https://www.hespress.com/%d9%88%d9%87%d8%a8%d9%8a-%d9%8a%d8%b3%d8%aa%d8%b9%d8%b1%d8%b6-%d8%a3%d9%85%d8%a7%d9%85-%d9%85%d8%ac%d9%84%d8%b3-%d8%a7%d9%84%d8%ad%d9%83%d9%88%d9%85%d8%a9-%d8%aa%d9%81%d8%b9%d9%8a%d9%84-%d9%85%d9%82-1488370.html
بايتاس: الإعفاء الكامل من الضريبة على الدخل يشمل 86% من المتقاعدين,https://www.hespress.com/%d8%a8%d8%a7%d9%8a%d8%aa%d8%a7%d8%b3-%d8%a7%d9%84%d8%a5%d8%b9%d9%81%d8%a7%d8%a1-%d8%a7%d9%84%d9%83%d8%a7%d9%85%d9%84-%d9%85%d9%86-%d8%a7%d9%84%d8%b6%d8%b1%d9%8a%d8%a8%d8%a9-%d8%b9%d9%84%d9%89-%d8%a7-1480334.html
شغور مقعد المغاري في البرلمان,https://www.hespress.com/%d8%b4%d8%ba%d9%88%d8%b1-%d9%85%d9%82%d8%b9%d8%af-%d8%a7%d9%84%d9%85%d8%ba%d8%a7%d8%b1%d9%8a-%d9%81%d9%8a-%d8%a7%d9%84%d8%a8%d8%b1%d9%84%d9%85%d8%a7%d9%86-1479296.html
قيوح: تأخر القطارات قليل في المغرب,https://www.hespress.com/%d9%82%d9%8a%d9%88%d8%ad-%d8%aa%d8%a3%d8%ae%d8%b1-%d8%a7%d9%84%d9%82%d8%b7%d8%a7%d8%b1%d8%a7%d8%aa-%d9%82%d9%84%d9%8a%d9%84-%d9%81%d9%8a-%d8%a7%d9%84%d9%85%d8%ba%d8%b1%d8%a8-1477693.html
الأمير مولاي رشيد في افتتاح نوتردام,https://www.hespress.com/%d8%a7%d9%84%d8%a3%d9%85%d9%8a%d8%b1-%d9%85%d9%88%d9%84%d8%a7%d9%8a-%d8%b1%d8%b4%d9%8a%d8%af-%d9%81%d9%8a-%d8%a7%d9%81%d8%aa%d8%aa%d8%a7%d8%ad-%d9%86%d9%88%d8%aa%d8%b1%d8%af%d8%a7%d9%85-1477481.html
تطلعات الصناعة الدفاعية المغربية تغري وزارة الإنتاج الحربي في مصر,https://www.hespress.com/%d8%aa%d8%b7%d9%84%d8%b9%d8%a7%d8%aa-%d8%a7%d9%84%d8%b5%d9%86%d8%a7%d8%b9%d8%a9-%d8%a7%d9%84%d8%af%d9%81%d8%a7%d8%b9%d9%8a%d8%a9-%d8%a7%d9%84%d9%85%d8%ba%d8%b1%d8%a8%d9%8a%d8%a9-%d8%aa%d8%ba%d8%b1-1487656.html
"وفد عسكري صيني يزور ""المينورسو""",https://www.hespress.com/%d9%88%d9%81%d8%af-%d8%b5%d9%8a%d9%86%d9%8a-%d9%8a%d8%b2%d9%88%d8%b1-%d8%a8%d8%b9%d8%ab%d8%a9-%d8%a7%d9%84%d9%85%d9%8a%d9%86%d9%88%d8%b1%d8%b3%d9%88-1486854.html
بوريطة وولد مكت يبحثان تعزيز العلاقات المغربية-الموريتانية في لقاء بالرباط,https://www.hespress.com/%d8%a8%d9%88%d8%b1%d9%8a%d8%b7%d8%a9-%d9%88%d9%88%d9%84%d8%af-%d9%85%d9%83%d8%aa-%d9%8a%d8%a8%d8%ad%d8%ab%d8%a7%d9%86-%d8%aa%d8%b9%d8%b2%d9%8a%d8%b2-%d8%a7%d9%84%d8%b9%d9%84%d8%a7%d9%82%d8%a7%d8%aa-1476642.html
باحثة تبرز تحديات المبادرة الأطلسية,https://www.hespress.com/%d8%a8%d8%a7%d8%ad%d8%ab%d8%a9-%d8%aa%d8%a8%d8%b1%d8%b2-%d8%aa%d8%ad%d8%af%d9%8a%d8%a7%d8%aa-%d8%a7%d9%84%d9%85%d8%a8%d8%a7%d8%af%d8%b1%d8%a9-%d8%a7%d9%84%d8%a3%d8%b7%d9%84%d8%b3%d9%8a%d8%a9-1487229.html
ونيس: ليبيا تدعم الوحدة الترابية للمغرب .. واتفاق بوزنيقة يضمن الحل السياسي,https://www.hespress.com/%d9%88%d9%86%d9%8a%d8%b3-%d9%84%d9%8a%d8%a8%d9%8a%d8%a7-%d8%aa%d8%af%d8%b9%d9%85-%d8%a7%d9%84%d9%88%d8%ad%d8%af%d8%a9-%d8%a7%d9%84%d8%aa%d8%b1%d8%a7%d8%a8%d9%8a%d8%a9-%d9%84%d9%84%d9%85%d8%ba%d8%b1-1484931.html
"ولد الرشيد يلتقي ""بمب مكت"" بالرباط",https://www.hespress.com/%d9%88%d9%84%d8%af-%d8%a7%d9%84%d8%b1%d8%b4%d9%8a%d8%af-%d9%8a%d9%84%d8%aa%d9%82%d9%8a-%d8%a8%d9%85%d8%a8-%d9%85%d9%83%d8%aa-%d8%a8%d8%a7%d9%84%d8%b1%d8%a8%d8%a7%d8%b7-1478503.html
"مستشارون يطلبون العناية بموظفي ""الغرفة الثانية"" بهدف اقتناء السكن",https://www.hespress.com/%d9%85%d8%b3%d8%aa%d8%b4%d8%a7%d8%b1%d9%88%d9%86-%d9%8a%d8%b7%d9%84%d8%a8%d9%88%d9%86-%d8%a7%d9%84%d8%b9%d9%86%d8%a7%d9%8a%d8%a9-%d8%a8%d9%85%d9%88%d8%b8%d9%81%d9%8a-%d8%a7%d9%84%d8%ba%d8%b1%d9%81-1473090.html
برلمانية مهددة بعقاب لجنة الأخلاقيات,https://www.hespress.com/%d8%a8%d8%b1%d9%84%d9%85%d8%a7%d9%86%d9%8a%d8%a9-%d9%85%d9%87%d8%af%d8%af%d8%a9-%d8%a8%d8%b9%d9%82%d8%a7%d8%a8-%d9%84%d8%ac%d9%86%d8%a9-%d8%a7%d9%84%d8%a3%d8%ae%d9%84%d8%a7%d9%82%d9%8a%d8%a7%d8%aa-1478493.html
الطالبي يلاقي وفدا برلمانيا موريتانيا,https://www.hespress.com/%d8%a7%d9%84%d8%b7%d8%a7%d9%84%d8%a8%d9%8a-%d9%8a%d9%84%d8%a7%d9%82%d9%8a-%d9%88%d9%81%d8%af%d8%a7-%d8%a8%d8%b1%d9%84%d9%85%d8%a7%d9%86%d9%8a%d8%a7-%d9%85%d9%88%d8%b1%d9%8a%d8%aa%d8%a7%d9%86%d9%8a-1476752.html
"الاتحاد الاشتراكي يرفض اتهامات ""بيجيدي"" بقبول حضور وفد إسرائيلي",https://www.hespress.com/%d8%a7%d9%84%d8%a7%d8%aa%d8%ad%d8%a7%d8%af-%d8%a7%d9%84%d8%a7%d8%b4%d8%aa%d8%b1%d8%a7%d9%83%d9%8a-%d9%8a%d8%b1%d9%81%d8%b6-%d8%a7%d8%aa%d9%87%d8%a7%d9%85%d8%a7%d8%aa-%d8%a8%d9%8a%d8%ac%d9%8a%d8%af-1487418.html
مائدة تستحضر جرائم الإبادة بفلسطين,https://www.hespress.com/%d9%85%d8%a7%d8%a6%d8%af%d8%a9-%d8%aa%d8%b3%d8%aa%d8%ad%d8%b6%d8%b1-%d8%ac%d8%b1%d8%a7%d8%a6%d9%85-%d8%a7%d9%84%d8%a5%d8%a8%d8%a7%d8%af%d8%a9-%d8%a8%d9%81%d9%84%d8%b3%d8%b7%d9%8a%d9%86-1482435.html
المغرب يخصص معدات لتحسين خدمات الصحة العسكرية في الرأس الأخضر,https://www.hespress.com/%d8%a7%d9%84%d9%85%d8%ba%d8%b1%d8%a8-%d9%8a%d8%ae%d8%b5%d8%b5-%d9%85%d8%b9%d8%af%d8%a7%d8%aa-%d9%84%d8%aa%d8%ad%d8%b3%d9%8a%d9%86-%d8%ae%d8%af%d9%85%d8%a7%d8%aa-%d8%a7%d9%84%d8%b5%d8%ad%d8%a9-%d8%a7-1479626.html
الوزير السكوري يعلن قبول تعديلات جوهرية على مشروع قانون الإضراب,https://www.hespress.com/%d8%a7%d9%84%d9%88%d8%b2%d9%8a%d8%b1-%d8%a7%d9%84%d8%b3%d9%83%d9%88%d8%b1%d9%8a-%d9%8a%d8%b9%d9%84%d9%86-%d9%82%d8%a8%d9%88%d9%84-%d8%aa%d8%b9%d8%af%d9%8a%d9%84%d8%a7%d8%aa-%d8%ac%d9%88%d9%87%d8%b1-1474494.html
"تفاصيل زيادات ""السميك"" و""السماك"".. بايتاس: ""التزام حكومي بمخرجات الحوار""",https://www.hespress.com/%d8%aa%d9%81%d8%a7%d8%b5%d9%8a%d9%84-%d8%b2%d9%8a%d8%a7%d8%af%d8%a7%d8%aa-%d8%a7%d9%84%d8%b3%d9%85%d9%8a%d9%83-%d9%88%d8%a7%d9%84%d8%b3%d9%85%d8%a7%d9%83-%d8%a8%d8%a7%d9%8a%d8%aa%d8%a7%d8%b3-1488358.html
"وكالة ""بيت مال القدس"" تنفذ مشاريع بقيمة 4.2 مليون دولار سنة 2024",https://www.hespress.com/%d8%ac%d8%b1%d8%af-%d9%85%d8%b4%d8%a7%d8%b1%d9%8a%d8%b9-%d9%88%d9%83%d8%a7%d9%84%d8%a9-%d8%a8%d9%8a%d8%aa-%d9%85%d8%a7%d9%84-%d8%a7%d9%84%d9%82%d8%af%d8%b3-1487898.html
هل يعيد ترتيب البيت الداخلي حزبَ الاستقلال إلى واجهة المشهد السياسي؟,https://www.hespress.com/%d9%87%d9%84-%d9%8a%d8%b9%d9%8a%d8%af-%d8%aa%d8%b1%d8%aa%d9%8a%d8%a8-%d8%a7%d9%84%d8%a8%d9%8a%d8%aa-%d8%a7%d9%84%d8%af%d8%a7%d8%ae%d9%84%d9%8a-%d8%ad%d8%b2%d8%a8%d9%8e-%d8%a7%d9%84%d8%a7%d8%b3%d8%aa-1478628.html
"المغرب يخدم المنطقة المغاربية .. مسؤولون ليبيون يثمنون ""اتفاق بوزنيقة""",https://www.hespress.com/%d8%a7%d9%84%d9%85%d8%ba%d8%b1%d8%a8-%d9%8a%d8%ae%d8%af%d9%85-%d8%a7%d9%84%d9%85%d9%86%d8%b7%d9%82%d8%a9-%d8%a7%d9%84%d9%85%d8%ba%d8%a7%d8%b1%d8%a8%d9%8a%d8%a9-%d9%85%d8%b3%d8%a4%d9%88%d9%84%d9%88-1484644.html
الجزائر تنافس المغرب على منصب نائب رئيس مفوضية الاتحاد الإفريقي,https://www.hespress.com/%d8%a7%d9%84%d8%ac%d8%b2%d8%a7%d8%a6%d8%b1-%d8%aa%d9%86%d8%a7%d9%81%d8%b3-%d8%a7%d9%84%d9%85%d8%ba%d8%b1%d8%a8-%d8%b9%d9%84%d9%89-%d9%85%d9%86%d8%b5%d8%a8-%d9%86%d8%a7%d8%a6%d8%a8-%d8%b1%d8%a6%d9%8a-1484482.html
مجلس النواب يعقد جلسة عمومية,https://www.hespress.com/%d9%85%d8%ac%d9%84%d8%b3-%d8%a7%d9%84%d9%86%d9%88%d8%a7%d8%a8-%d9%8a%d8%b9%d9%82%d8%af-%d8%ac%d9%84%d8%b3%d8%a9-%d8%b9%d9%85%d9%88%d9%85%d9%8a%d8%a9-1480607.html
"جمعية تنتقد ""ازدواجية خطاب غالي""",https://www.hespress.com/%d8%ac%d9%85%d8%b9%d9%8a%d8%a9-%d8%aa%d9%86%d8%aa%d9%82%d8%af-%d8%a7%d8%b2%d8%af%d9%88%d8%a7%d8%ac%d9%8a%d8%a9-%d8%ae%d8%b7%d8%a7%d8%a8-%d8%ba%d8%a7%d9%84%d9%8a-1482398.html
رئيس موريتانيا الغزواني يغادر المغرب,https://www.hespress.com/%d8%a7%d9%84%d8%b1%d8%a6%d9%8a%d8%b3-%d8%a7%d9%84%d9%85%d9%88%d8%b1%d9%8a%d8%aa%d8%a7%d9%86%d9%8a-%d9%8a%d8%ba%d8%a7%d8%af%d8%b1-%d8%a7%d9%84%d9%85%d8%ba%d8%b1%d8%a8-1485672.html
"بنعلي: الفلاحة تحتاج إلى ""جهاد مائي""",https://www.hespress.com/%d8%a8%d9%86%d8%b9%d9%84%d9%8a-%d8%a7%d9%84%d9%81%d9%84%d8%a7%d8%ad%d8%a9-%d8%aa%d8%ad%d8%aa%d8%a7%d8%ac-%d8%a5%d9%84%d9%89-%d8%ac%d9%87%d8%a7%d8%af-%d9%85%d8%a7%d8%a6%d9%8a-1477640.html
"الكنبوري يجري ""مناقشة هادئة"" لوزير الأوقاف حول ""علمانية المغاربة""",https://www.hespress.com/%d8%a7%d9%84%d9%83%d9%86%d8%a8%d9%88%d8%b1%d9%8a-%d9%8a%d8%ac%d8%b1%d9%8a-%d9%85%d9%86%d8%a7%d9%82%d8%b4%d8%a9-%d9%87%d8%a7%d8%af%d8%a6%d8%a9-%d9%84%d9%88%d8%b2%d9%8a%d8%b1-%d8%a7%d9%84%d8%a3-1475819.html
"""البام"" يشيد بمقترحات مدونة الأسرة",https://www.hespress.com/%d8%a7%d9%84%d8%a8%d8%a7%d9%85-%d9%8a%d8%b4%d9%8a%d8%af-%d8%a8%d9%85%d9%82%d8%aa%d8%b1%d8%ad%d8%a7%d8%aa-%d9%85%d8%af%d9%88%d9%86%d8%a9-%d8%a7%d9%84%d8%a3%d8%b3%d8%b1%d8%a9-1488099.html
"ماذا تستفيد جنوب إفريقيا من دعم ""البوليساريو"" في ملف الصحراء المغربية؟",https://www.hespress.com/%d9%85%d8%a7%d8%b0%d8%a7-%d8%aa%d8%b3%d8%aa%d9%81%d9%8a%d8%af-%d8%ac%d9%86%d9%88%d8%a8-%d8%a5%d9%81%d8%b1%d9%8a%d9%82%d9%8a%d8%a7-%d9%85%d9%86-%d8%af%d8%b9%d9%85-%d8%a7%d9%84%d8%a8%d9%88%d9%84%d9%8a-1478090.html
"أوزين: حزب ""السنبلة"" يشتغل على ""بديل حركي"" ويرفض الجمود السياسي",https://www.hespress.com/%d8%a3%d9%88%d8%b2%d9%8a%d9%86-%d8%ad%d8%b2%d8%a8-%d8%a7%d9%84%d8%b3%d9%86%d8%a8%d9%84%d8%a9-%d9%8a%d8%b4%d8%aa%d8%ba%d9%84-%d8%b9%d9%84%d9%89-%d8%a8%d8%af%d9%8a%d9%84-%d8%ad%d8%b1%d9%83%d9%8a-1482153.html
بركة يربط توسيع الإعفاء الضريبي للمعاشات بإخضاع الأنظمة لإصلاحات,https://www.hespress.com/%d8%a8%d8%b1%d9%83%d8%a9-%d9%8a%d8%b1%d8%a8%d8%b7-%d8%aa%d9%88%d8%b3%d9%8a%d8%b9-%d8%a7%d9%84%d8%a5%d8%b9%d9%81%d8%a7%d8%a1-%d8%a7%d9%84%d8%b6%d8%b1%d9%8a%d8%a8%d9%8a-%d9%84%d9%84%d9%85%d8%b9%d8%a7-1477226.html
"زنيبر: إدماج توصيات ""الإنصاف والمصالحة"" في الدستور مفتاح نجاح التجربة",https://www.hespress.com/%d8%b2%d9%86%d9%8a%d8%a8%d8%b1-%d8%a5%d8%af%d9%85%d8%a7%d8%ac-%d8%aa%d9%88%d8%b5%d9%8a%d8%a7%d8%aa-%d8%a7%d9%84%d8%a5%d9%86%d8%b5%d8%a7%d9%81-%d9%88%d8%a7%d9%84%d9%85%d8%b5%d8%a7%d9%84%d8%ad%d8%a9-1476621.html
العثماني: فصائل المعارضة السورية متعددة .. وتحترم سيادة المغرب,https://www.hespress.com/%d8%a7%d9%84%d8%b9%d8%ab%d9%85%d8%a7%d9%86%d9%8a-%d9%81%d8%b5%d8%a7%d8%a6%d9%84-%d8%a7%d9%84%d9%85%d8%b9%d8%a7%d8%b1%d8%b6%d8%a9-%d8%a7%d9%84%d8%b3%d9%88%d8%b1%d9%8a%d8%a9-%d9%85%d8%aa%d8%b9%d8%af-1474460.html
المعارضة ترمي الحكومة بالعجز عن حل الإشكالات العميقة للمغاربة,https://www.hespress.com/%d8%a7%d9%84%d9%85%d8%b9%d8%a7%d8%b1%d8%b6%d8%a9-%d8%aa%d8%b1%d9%85%d9%8a-%d8%a7%d9%84%d8%ad%d9%83%d9%88%d9%85%d8%a9-%d8%a8%d8%a7%d9%84%d8%b9%d8%ac%d8%b2-%d8%b9%d9%86-%d8%ad%d9%84-%d8%a7%d9%84%d8%a5-1482750.html
"""الداخلية"" تستنفر الإدارة الترابية لتسجيل المواطنين في اللوائح الانتخابية",https://www.hespress.com/%d8%a7%d9%84%d8%af%d8%a7%d8%ae%d9%84%d9%8a%d8%a9-%d8%aa%d8%b3%d8%aa%d9%86%d9%81%d8%b1-%d8%a7%d9%84%d8%a5%d8%af%d8%a7%d8%b1%d8%a9-%d8%a7%d9%84%d8%aa%d8%b1%d8%a7%d8%a8%d9%8a%d8%a9-%d9%84%d8%aa%d8%b3-1485742.html
"ورقة بحثية تعدد فرص استفادة ""بلاد شنقيط"" من المبادرة الملكية الأطلسية",https://www.hespress.com/%d9%88%d8%b1%d9%82%d8%a9-%d8%a8%d8%ad%d8%ab%d9%8a%d8%a9-%d8%aa%d8%b4%d8%af%d8%af-%d8%b9%d9%84%d9%89-%d8%a7%d8%b3%d8%aa%d9%81%d8%a7%d8%af%d8%a9-%d8%a8%d9%84%d8%a7%d8%af-%d8%b4%d9%86%d9%82%d9%8a%d8%b7-1480722.html
حموشي يصادق على تعيينات جديدة,https://www.hespress.com/%d8%ad%d9%85%d9%88%d8%b4%d9%8a-%d9%8a%d8%b5%d8%a7%d8%af%d9%82-%d8%b9%d9%84%d9%89-%d8%aa%d8%b9%d9%8a%d9%8a%d9%86%d8%a7%d8%aa-%d8%ac%d8%af%d9%8a%d8%af%d8%a9-1478389.html
وهبي يستقبل مستشار الأمن العراقي,https://www.hespress.com/%d9%88%d9%87%d8%a8%d9%8a-%d9%8a%d8%b3%d8%aa%d9%82%d8%a8%d9%84-%d9%85%d8%b3%d8%aa%d8%b4%d8%a7%d8%b1-%d8%a7%d9%84%d8%a3%d9%85%d9%86-%d8%a7%d9%84%d8%b9%d8%b1%d8%a7%d9%82%d9%8a-1486631.html
"مدير صندوق الإيداع والتدبير يرفض ""الدكاكين الإدارية"" في الرقمنة",https://www.hespress.com/%d9%85%d8%af%d9%8a%d8%b1-%d8%b5%d9%86%d8%af%d9%88%d9%82-%d8%a7%d9%84%d8%a5%d9%8a%d8%af%d8%a7%d8%b9-%d9%88%d8%a7%d9%84%d8%aa%d8%af%d8%a8%d9%8a%d8%b1-%d9%8a%d8%b1%d9%81%d8%b6-%d8%a7%d9%84%d8%af%d9%83-1485488.html
"""الاستقلال"" يستعد لانتخابات البيضاء",https://www.hespress.com/%d8%a7%d9%84%d8%a7%d8%b3%d8%aa%d9%82%d9%84%d8%a7%d9%84-%d9%8a%d8%b3%d8%aa%d8%b9%d8%af-%d9%84%d8%a7%d9%86%d8%aa%d8%ae%d8%a7%d8%a8%d8%a7%d8%aa-%d8%a7%d9%84%d8%a8%d9%8a%d8%b6%d8%a7%d8%a1-1483971.html
سلطان عمان يتمنى الشفاء للملك,https://www.hespress.com/%d8%a7%d9%84%d8%b3%d9%84%d8%b7%d8%a7%d9%86-%d9%87%d9%8a%d8%ab%d9%85-%d9%8a%d8%aa%d9%85%d9%86%d9%89-%d8%a7%d9%84%d8%b4%d9%81%d8%a7%d8%a1-%d8%a7%d9%84%d8%b9%d8%a7%d8%ac%d9%84-%d9%84%d9%84%d9%85%d9%84-1478346.html
حموشي يجري زيارة عمل إلى بلجيكا,https://www.hespress.com/%d8%ad%d9%85%d9%88%d8%b4%d9%8a-%d9%8a%d8%ac%d8%b1%d9%8a-%d8%b2%d9%8a%d8%a7%d8%b1%d8%a9-%d8%b9%d9%85%d9%84-%d8%a5%d9%84%d9%89-%d8%a8%d9%84%d8%ac%d9%8a%d9%83%d8%a7-1476179.html
الحكومة تباشر تحسين عمل موظفي السجون والملاءمة مع المهن الأمنية,https://www.hespress.com/%d8%a7%d9%84%d8%ad%d9%83%d9%88%d9%85%d8%a9-%d8%aa%d8%a8%d8%a7%d8%b4%d8%b1-%d8%aa%d8%ad%d8%b3%d9%8a%d9%86-%d8%b9%d9%85%d9%84-%d9%85%d9%88%d8%b8%d9%81%d9%8a-%d8%a7%d9%84%d8%b3%d8%ac%d9%88%d9%86-%d9%88-1484453.html
"هل تنضم صواريخ ""إس-400"" الروسية إلى الترسانة الدفاعية المغربية؟",https://www.hespress.com/%d9%87%d9%84-%d8%aa%d9%86%d8%b6%d9%85-%d8%b5%d9%88%d8%a7%d8%b1%d9%8a%d8%ae-%d8%a5%d8%b3-400-%d8%a7%d9%84%d8%b1%d9%88%d8%b3%d9%8a%d8%a9-%d8%a5%d9%84%d9%89-%d8%a7%d9%84%d8%aa%d8%b1%d8%b3%d8%a7%d9%86-1473413.html
"""النواب"" يُقر مشروع قانون المالية",https://www.hespress.com/%d8%a7%d9%84%d9%86%d9%88%d8%a7%d8%a8-%d9%8a%d9%8f%d9%82%d8%b1-%d9%85%d8%b4%d8%b1%d9%88%d8%b9-%d9%82%d8%a7%d9%86%d9%88%d9%86-%d8%a7%d9%84%d9%85%d8%a7%d9%84%d9%8a%d8%a9-2-1476918.html
"مجلس الحكومة يُقر ""سكوت الإدارة""",https://www.hespress.com/%d9%85%d8%ac%d9%84%d8%b3-%d8%a7%d9%84%d8%ad%d9%83%d9%88%d9%85%d8%a9-%d9%8a%d9%8f%d9%82%d8%b1-%d8%b3%d9%83%d9%88%d8%aa-%d8%a7%d9%84%d8%a5%d8%af%d8%a7%d8%b1%d8%a9-1484463.html
توصيات مناظرة الجهوية المتقدمة .. التنمية الترابية ترتبط بالقدرة المالية,https://www.hespress.com/%d8%aa%d9%88%d8%b5%d9%8a%d8%a7%d8%aa-%d9%85%d9%86%d8%a7%d8%b8%d8%b1%d8%a9-%d8%a7%d9%84%d8%ac%d9%87%d9%88%d9%8a%d8%a9-%d8%a7%d9%84%d9%85%d8%aa%d9%82%d8%af%d9%85%d8%a9-%d8%a7%d9%84%d8%aa%d9%86%d9%85-1486324.html
ولد الرشيد يبرز أهمية التعاون جنوب جنوب,https://www.hespress.com/%d9%88%d9%84%d8%af-%d8%a7%d9%84%d8%b1%d8%b4%d9%8a%d8%af-%d9%8a%d8%a8%d8%b1%d8%b2-%d8%a3%d9%87%d9%85%d9%8a%d8%a9-%d8%a7%d9%84%d8%aa%d8%b9%d8%a7%d9%88%d9%86-%d8%ac%d9%86%d9%88%d8%a8-%d8%ac%d9%86%d9%88-1476215.html
تقرير مجلس الحسابات ينبه إلى مساطر غير قانونية في الإدارات المغربية,https://www.hespress.com/%d8%aa%d9%82%d8%b1%d9%8a%d8%b1-%d9%85%d8%ac%d9%84%d8%b3-%d8%a7%d9%84%d8%ad%d8%b3%d8%a7%d8%a8%d8%a7%d8%aa-%d9%8a%d9%86%d8%a8%d9%87-%d8%a5%d9%84%d9%89-%d9%85%d8%b3%d8%a7%d8%b7%d8%b1-%d8%ba%d9%8a%d8%b1-1482059.html
"روسيا: المغرب في لائحة ""حوار بريكس""",https://www.hespress.com/%d8%b1%d9%88%d8%b3%d9%8a%d8%a7-%d8%a7%d9%84%d9%85%d8%ba%d8%b1%d8%a8-%d9%81%d9%8a-%d9%84%d8%a7%d8%a6%d8%ad%d8%a9-%d8%ad%d9%88%d8%a7%d8%b1-%d8%a8%d8%b1%d9%8a%d9%83%d8%b3-1487747.html
"""برون-بيفيه"" تقوم بزيارة إلى المغرب",https://www.hespress.com/%d8%a8%d8%b1%d9%88%d9%86-%d8%a8%d9%8a%d9%81%d9%8a%d9%87-%d8%aa%d9%82%d9%88%d9%85-%d8%a8%d8%b2%d9%8a%d8%a7%d8%b1%d8%a9-%d8%a5%d9%84%d9%89-%d8%a7%d9%84%d9%85%d8%ba%d8%b1%d8%a8-1479682.html
"صابري يستقبل ""نقابة النسيج والجلد""",https://www.hespress.com/%d8%b5%d8%a7%d8%a8%d8%b1%d9%8a-%d9%8a%d8%b3%d8%aa%d9%82%d8%a8%d9%84-%d9%86%d9%82%d8%a7%d8%a8%d8%a9-%d8%a7%d9%84%d9%86%d8%b3%d9%8a%d8%ac-%d9%88%d8%a7%d9%84%d8%ac%d9%84%d8%af-1473456.html
تكريم عمر عزيمان.. رجل دولة بامتياز,https://www.hespress.com/%d8%aa%d9%83%d8%b1%d9%8a%d9%85-%d8%b9%d9%85%d8%b1-%d8%b9%d8%b2%d9%8a%d9%85%d8%a7%d9%86-%d8%b1%d8%ac%d9%84-%d8%af%d9%88%d9%84%d8%a9-%d8%a8%d8%a7%d9%85%d8%aa%d9%8a%d8%a7%d8%b2-1477457.html
"القندوسي يحتفظ بمقعد ""الأحرار""",https://www.hespress.com/%d8%a7%d9%84%d9%82%d9%86%d8%af%d9%88%d8%b3%d9%8a-%d9%8a%d8%ad%d8%aa%d9%81%d8%b8-%d8%a8%d9%85%d9%82%d8%b9%d8%af-%d8%a7%d9%84%d8%a3%d8%ad%d8%b1%d8%a7%d8%b1-1476985.html
اتفاق بين البرلمانين المغربي والأوروبي,https://www.hespress.com/%d8%a7%d8%aa%d9%81%d8%a7%d9%82-%d8%a8%d9%8a%d9%86-%d8%a7%d9%84%d8%a8%d8%b1%d9%84%d9%85%d8%a7%d9%86%d9%8a%d9%86-%d8%a7%d9%84%d9%85%d8%ba%d8%b1%d8%a8%d9%8a-%d9%88%d8%a7%d9%84%d8%a3%d9%88%d8%b1%d9%88-1475015.html
العثماني يساند فصائل المعارضة بسوريا,https://www.hespress.com/%d8%a7%d9%84%d8%b9%d8%ab%d9%85%d8%a7%d9%86%d9%8a-%d9%8a%d8%b3%d8%a7%d9%86%d8%af-%d9%81%d8%b5%d8%a7%d8%a6%d9%84-%d8%a7%d9%84%d9%85%d8%b9%d8%a7%d8%b1%d8%b6%d8%a9-%d8%a8%d8%b3%d9%88%d8%b1%d9%8a%d8%a7-1473784.html
نشطاء يذكرون الحكومة بدعوة الملك محمد السادس إلى مكافحة الفساد,https://www.hespress.com/%d9%86%d8%b4%d8%b7%d8%a7%d8%a1-%d9%8a%d8%b0%d9%83%d8%b1%d9%88%d9%86-%d8%a7%d9%84%d8%ad%d9%83%d9%88%d9%85%d8%a9-%d8%a8%d8%af%d8%b9%d9%88%d8%a9-%d8%a7%d9%84%d9%85%d9%84%d9%83-%d9%85%d8%ad%d9%85%d8%af-1485269.html
المغرب يدعم اتفاق حماية الإفريقيات,https://www.hespress.com/%d8%a7%d9%84%d9%85%d8%ba%d8%b1%d8%a8-%d9%8a%d8%af%d8%b9%d9%85-%d8%a7%d8%aa%d9%81%d8%a7%d9%82-%d8%ad%d9%85%d8%a7%d9%8a%d8%a9-%d8%a7%d9%84%d8%a5%d9%81%d8%b1%d9%8a%d9%82%d9%8a%d8%a7%d8%aa-1486136.html
رئيس الحكومة الإسبانية يشيد بالملك,https://www.hespress.com/%d8%b1%d8%a6%d9%8a%d8%b3-%d8%a7%d9%84%d8%ad%d9%83%d9%88%d9%85%d8%a9-%d8%a7%d9%84%d8%a5%d8%b3%d8%a8%d8%a7%d9%86%d9%8a%d8%a9-%d9%8a%d8%b4%d9%8a%d8%af-%d8%a8%d8%a7%d9%84%d9%85%d9%84%d9%83-1485705.html
"النقابات بالمستشارين تنتظر ""قانون الإضراب"" بعد مصادقة اللجنة النيابية",https://www.hespress.com/%d8%a7%d9%84%d9%86%d9%82%d8%a7%d8%a8%d8%a7%d8%aa-%d8%a8%d9%85%d8%ac%d9%84%d8%b3-%d8%a7%d9%84%d9%85%d8%b3%d8%aa%d8%b4%d8%a7%d8%b1%d9%8a%d9%86-%d8%aa%d9%86%d8%aa%d8%b8%d8%b1-%d9%82%d8%a7%d9%86%d9%88-1475581.html
الصالح يبارك تنظيم المونديال بالمغرب,https://www.hespress.com/%d8%a7%d9%84%d8%b5%d8%a7%d9%84%d8%ad-%d9%8a%d8%a8%d8%a7%d8%b1%d9%83-%d8%aa%d9%86%d8%b8%d9%8a%d9%85-%d8%a7%d9%84%d9%85%d9%88%d9%86%d8%af%d9%8a%d8%a7%d9%84-%d8%a8%d8%a7%d9%84%d9%85%d8%ba%d8%b1%d8%a8-1480370.html
"سانشيز يحذر من مخاطر اليمين المتطرف .. ولشكر يتطلع إلى ""عالم منصف""",https://www.hespress.com/%d8%b3%d8%a7%d9%86%d8%b4%d9%8a%d8%b2-%d9%8a%d8%ad%d8%b0%d8%b1-%d9%85%d9%86-%d9%85%d8%ae%d8%a7%d8%b7%d8%b1-%d8%a7%d9%84%d9%8a%d9%85%d9%8a%d9%86-%d8%a7%d9%84%d9%85%d8%aa%d8%b7%d8%b1%d9%81-%d9%88-1485535.html
حصيلة تجاوب الحكومة مع الأسئلة الكتابية تقسم برلمانيي الأغلبية والمعارضة,https://www.hespress.com/%d8%ad%d8%b5%d9%8a%d9%84%d8%a9-%d8%aa%d8%ac%d8%a7%d9%88%d8%a8-%d8%a7%d9%84%d8%ad%d9%83%d9%88%d9%85%d8%a9-%d9%85%d8%b9-%d8%a7%d9%84%d8%a3%d8%b3%d8%a6%d9%84%d8%a9-%d8%a7%d9%84%d9%83%d8%aa%d8%a7%d8%a8-1479468.html
"اتفاقية ""العدل"" والسلطة القضائية",https://www.hespress.com/%d8%a7%d8%aa%d9%81%d8%a7%d9%82%d9%8a%d8%a9-%d8%a8%d9%8a%d9%86-%d8%a7%d9%84%d8%b9%d8%af%d9%84-%d9%88%d8%a7%d9%84%d8%b3%d9%84%d8%b7%d8%a9-%d8%a7%d9%84%d9%82%d8%b6%d8%a7%d8%a6%d9%8a%d8%a9-1479971.html
الإمارات تهنئ الملك بنجاح الجراحة,https://www.hespress.com/%d8%a7%d9%84%d8%a5%d9%85%d8%a7%d8%b1%d8%a7%d8%aa-%d8%aa%d9%87%d9%86%d8%a6-%d8%a7%d9%84%d9%85%d9%84%d9%83-%d8%a8%d9%86%d8%ac%d8%a7%d8%ad-%d8%a7%d9%84%d8%ac%d8%b1%d8%a7%d8%ad%d8%a9-1478274.html
الواسيني: تصريحات غالي أيديولوجية تقليدية.. والحكم الذاتي ينهي الصراع,https://www.hespress.com/%d8%a7%d9%84%d9%88%d8%a7%d8%b3%d9%8a%d9%86%d9%8a-%d8%aa%d8%b5%d8%b1%d9%8a%d8%ad%d8%a7%d8%aa-%d8%ba%d8%a7%d9%84%d9%8a-%d8%a3%d9%8a%d8%af%d9%8a%d9%88%d9%84%d9%88%d8%ac%d9%8a%d8%a9-%d8%aa%d9%82%d9%84-1482404.html
"العلمي: المغرب يتوفق في ""التعامل الخلاق"" مع تحديات حقوق الإنسان",https://www.hespress.com/%d8%a7%d9%84%d8%b9%d9%84%d9%85%d9%8a-%d8%a7%d9%84%d9%85%d8%ba%d8%b1%d8%a8-%d9%8a%d8%aa%d9%88%d9%81%d9%82-%d9%81%d9%8a-%d8%a7%d9%84%d8%aa%d8%b9%d8%a7%d9%85%d9%84-%d8%a7%d9%84%d8%ae%d9%84%d8%a7%d9%82-1483930.html
"تقرير ""مجلس الحسابات"" عن الطاقة يرافق الوزيرة بنعلي إلى البرلمان",https://www.hespress.com/%d8%aa%d9%82%d8%b1%d9%8a%d8%b1-%d9%85%d8%ac%d9%84%d8%b3-%d8%a7%d9%84%d8%ad%d8%b3%d8%a7%d8%a8%d8%a7%d8%aa-%d8%b9%d9%86-%d8%a7%d9%84%d8%b7%d8%a7%d9%82%d8%a9-%d9%8a%d8%b1%d8%a7%d9%81%d9%82-%d8%a7-1483343.html
"حكومة ليبيا ترحب بـ ""مخرجات بوزنيقة""",https://www.hespress.com/%d8%ad%d9%83%d9%88%d9%85%d8%a9-%d9%84%d9%8a%d8%a8%d9%8a%d8%a7-%d8%aa%d8%b1%d8%ad%d8%a8-%d8%a8%d9%80-%d9%85%d8%ae%d8%b1%d8%ac%d8%a7%d8%aa-%d8%a8%d9%88%d8%b2%d9%86%d9%8a%d9%82%d8%a9-1484267.html
ولد الرشيد يثمن دور العدالة الانتقالية,https://www.hespress.com/%d9%88%d9%84%d8%af-%d8%a7%d9%84%d8%b1%d8%b4%d9%8a%d8%af-%d9%8a%d8%ab%d9%85%d9%86-%d8%af%d9%88%d8%b1-%d8%a7%d9%84%d8%b9%d8%af%d8%a7%d9%84%d8%a9-%d8%a7%d9%84%d8%a7%d9%86%d8%aa%d9%82%d8%a7%d9%84%d9%8a-1477267.html
المغرب أكثر الدول أمانا في إفريقيا,https://www.hespress.com/%d8%a7%d9%84%d9%85%d8%ba%d8%b1%d8%a8-%d8%a3%d9%83%d8%ab%d8%b1-%d8%a7%d9%84%d8%af%d9%88%d9%84-%d8%a3%d9%85%d8%a7%d9%86%d8%a7-%d9%81%d9%8a-%d8%a5%d9%81%d8%b1%d9%8a%d9%82%d9%8a%d8%a7-1476741.html
الجزائر تسعى إلى عرقلة المصالحة الليبية بعد نجاح مشاورات بوزنيقة,https://www.hespress.com/%d8%a7%d9%84%d8%ac%d8%b2%d8%a7%d8%a6%d8%b1-%d8%aa%d8%b3%d8%b9%d9%89-%d8%a5%d9%84%d9%89-%d8%b9%d8%b1%d9%82%d9%84%d8%a9-%d8%a7%d9%84%d9%85%d8%b5%d8%a7%d9%84%d8%ad%d8%a9-%d8%a7%d9%84%d9%84%d9%8a%d8%a8-1486000.html
الخارجية تثمن نجاعة التوجيهات الملكية,https://www.hespress.com/%d8%a7%d9%84%d8%ae%d8%a7%d8%b1%d8%ac%d9%8a%d8%a9-%d8%aa%d8%ab%d9%85%d9%86-%d9%86%d8%ac%d8%a7%d8%b9%d8%a9-%d8%a7%d9%84%d8%aa%d9%88%d8%ac%d9%8a%d9%87%d8%a7%d8%aa-%d8%a7%d9%84%d9%85%d9%84%d9%83%d9%8a-1484477.html
وهبي: المدونة تروم استقرار الأسرة,https://www.hespress.com/%d9%88%d9%87%d8%a8%d9%8a-%d8%a7%d9%84%d9%85%d8%af%d9%88%d9%86%d8%a9-%d8%aa%d8%b1%d9%88%d9%85-%d8%a7%d8%b3%d8%aa%d9%82%d8%b1%d8%a7%d8%b1-%d8%a7%d9%84%d8%a3%d8%b3%d8%b1%d8%a9-1486851.html
زهير شرفي رئيسا لهيئة ضبط الكهرباء,https://www.hespress.com/%d8%b2%d9%87%d9%8a%d8%b1-%d8%b4%d8%b1%d9%81%d9%8a-%d8%b1%d8%a6%d9%8a%d8%b3%d8%a7-%d9%84%d9%87%d9%8a%d8%a6%d8%a9-%d8%b6%d8%a8%d8%b7-%d8%a7%d9%84%d9%83%d9%87%d8%b1%d8%a8%d8%a7%d8%a1-1475612.html
"الشرقاوي: عدم تصديق المغرب على ""اتفاق روما"" يحترم استقلالية القضاء",https://www.hespress.com/%d8%a7%d9%84%d8%b4%d8%b1%d9%82%d8%a7%d9%88%d9%8a-%d8%b9%d8%af%d9%85-%d8%aa%d8%b5%d8%af%d9%8a%d9%82-%d8%a7%d9%84%d9%85%d8%ba%d8%b1%d8%a8-%d8%b9%d9%84%d9%89-%d8%a7%d8%aa%d9%81%d8%a7%d9%82-%d8%b1-1475172.html
الحكومة توافق على الإعفاء الكلي لمعاشات المتقاعدين من ضريبة الدخل,https://www.hespress.com/%d8%a7%d9%84%d8%ad%d9%83%d9%88%d9%85%d8%a9-%d8%aa%d9%88%d8%a7%d9%81%d9%82-%d8%b9%d9%84%d9%89-%d8%a7%d9%84%d8%a5%d8%b9%d9%81%d8%a7%d8%a1-%d8%a7%d9%84%d9%83%d9%84%d9%8a-%d9%84%d9%85%d8%b9%d8%a7%d8%b4-1474516.html
المغرب وفرنسا يناقشان تدبير الهجرة,https://www.hespress.com/%d8%a7%d9%84%d9%85%d8%ba%d8%b1%d8%a8-%d9%88%d9%81%d8%b1%d9%86%d8%b3%d8%a7-%d9%8a%d9%86%d8%a7%d9%82%d8%b4%d8%a7%d9%86-%d8%aa%d8%af%d8%a8%d9%8a%d8%b1-%d8%a7%d9%84%d9%87%d8%ac%d8%b1%d8%a9-1473434.html
المعارضة والأغلبية تدعوان الحكومة إلى إخراج قانون النقابات ومدونة الشغل,https://www.hespress.com/%d8%a7%d9%84%d9%85%d8%b9%d8%a7%d8%b1%d8%b6%d8%a9-%d9%88%d8%a7%d9%84%d8%a3%d8%ba%d9%84%d8%a8%d9%8a%d8%a9-%d8%aa%d8%af%d8%b9%d9%88%d8%a7%d9%86-%d8%a7%d9%84%d8%ad%d9%83%d9%88%d9%85%d8%a9-%d8%a5%d9%84-1487186.html
"‬""فريق البام"": الخطاب الشعبوي يصور الحكومة كجماعة انتهازية تنهب الشعب",https://www.hespress.com/%d9%81%d8%b1%d9%8a%d9%82-%d8%a7%d9%84%d8%ac%d8%b1%d8%a7%d8%b1-%d8%a7%d9%84%d8%ae%d8%b7%d8%a7%d8%a8-%d8%a7%d9%84%d8%b4%d8%b9%d8%a8%d9%88%d9%8a-%d9%8a%d8%b5%d9%88%d8%b1-%d8%a7%d9%84%d8%ad-1475435.html
الكنبوري: بنكيران يكشف أخطاء الإسلاميين ويدعو إلى الإصلاح السياسي,https://www.hespress.com/%d8%a7%d9%84%d9%83%d9%86%d8%a8%d9%88%d8%b1%d9%8a-%d8%a8%d9%86%d9%83%d9%8a%d8%b1%d8%a7%d9%86-%d9%8a%d9%83%d8%b4%d9%81-%d8%a3%d8%ae%d8%b7%d8%a7%d8%a1-%d8%a7%d9%84%d8%a5%d8%b3%d9%84%d8%a7%d9%85%d9%8a-1473221.html
"الحكومة تعضد الإضراب السياسي وتقرّ ""المجموعة المهنية"" داعية للإضراب",https://www.hespress.com/%d8%a7%d9%84%d8%ad%d9%83%d9%88%d9%85%d8%a9-%d8%aa%d8%b9%d8%b6%d8%af-%d8%a7%d9%84%d8%a5%d8%b6%d8%b1%d8%a7%d8%a8-%d8%a7%d9%84%d8%b3%d9%8a%d8%a7%d8%b3%d9%8a-%d9%88%d8%aa%d9%82%d8%b1%d9%91-%d8%a7%d9%84-1475102.html
مصدر ينفي التقسيم الإداري الجديد,https://www.hespress.com/%d9%85%d8%b5%d8%af%d8%b1-%d9%8a%d9%86%d9%81%d9%8a-%d8%a7%d9%84%d8%aa%d9%82%d8%b3%d9%8a%d9%85-%d8%a7%d9%84%d8%a5%d8%af%d8%a7%d8%b1%d9%8a-%d8%a7%d9%84%d8%ac%d8%af%d9%8a%d8%af-1484517.html
"الراشيدي يترأس ""برلمان الاستقلال""",https://www.hespress.com/%d8%a7%d9%84%d8%b1%d8%a7%d8%b4%d9%8a%d8%af%d9%8a-%d9%8a%d8%aa%d8%b1%d8%a3%d8%b3-%d8%a8%d8%b1%d9%84%d9%85%d8%a7%d9%86-%d8%a7%d9%84%d8%a7%d8%b3%d8%aa%d9%82%d9%84%d8%a7%d9%84-1477136.html
المعارضة بمجلس المستشارين تطالبُ بمحاربة الفساد وتحسين القدرة الشرائية,https://www.hespress.com/%d8%a7%d9%84%d9%85%d8%b9%d8%a7%d8%b1%d8%b6%d8%a9-%d8%a8%d9%85%d8%ac%d9%84%d8%b3-%d8%a7%d9%84%d9%85%d8%b3%d8%aa%d8%b4%d8%a7%d8%b1%d9%8a%d9%86-%d8%aa%d8%b7%d8%a7%d9%84%d8%a8%d9%8f-%d8%a8%d9%85%d8%ad-1475495.html
اللجنة العسكرية تجمع المغرب وفرنسا,https://www.hespress.com/%d8%a7%d9%84%d9%84%d8%ac%d9%86%d8%a9-%d8%a7%d9%84%d8%b9%d8%b3%d9%83%d8%b1%d9%8a%d8%a9-%d8%aa%d8%ac%d9%85%d8%b9-%d8%a7%d9%84%d9%85%d8%ba%d8%b1%d8%a8-%d9%88%d9%81%d8%b1%d9%86%d8%b3%d8%a7-1474507.html
ندوة دولية تُشَرح اليسار المغربي..  وشولتس: اليمين المتطرف يتوسع,https://www.hespress.com/%d9%86%d8%af%d9%88%d8%a9-%d8%af%d9%88%d9%84%d9%8a%d8%a9-%d8%aa%d9%8f%d8%b4%d9%8e%d8%b1%d8%ad-%d8%a7%d9%84%d9%8a%d8%b3%d8%a7%d8%b1-%d8%a7%d9%84%d9%85%d8%ba%d8%b1%d8%a8%d9%8a-%d9%88%d8%b4%d9%88%d9%84-1475407.html
نواب باراغواي يدعمون الحكم الذاتي,https://www.hespress.com/%d9%86%d9%88%d8%a7%d8%a8-%d8%a8%d8%a7%d8%b1%d8%a7%d8%ba%d9%88%d8%a7%d9%8a-%d9%8a%d8%af%d8%b9%d9%85%d9%88%d9%86-%d8%a7%d9%84%d8%ad%d9%83%d9%85-%d8%a7%d9%84%d8%b0%d8%a7%d8%aa%d9%8a-1487458.html
"أخنوش: البنيات التحتية أساس التنمية.. وتهيئة شاملة تنتظر ""مدن المونديال""",https://www.hespress.com/%d8%a3%d8%ae%d9%86%d9%88%d8%b4-%d8%a7%d9%84%d8%a8%d9%86%d9%8a%d8%a7%d8%aa-%d8%a7%d9%84%d8%aa%d8%ad%d8%aa%d9%8a%d8%a9-%d8%a3%d8%b3%d8%a7%d8%b3-%d8%a7%d9%84%d8%aa%d9%86%d9%85%d9%8a%d8%a9-%d9%88%d8%aa-1482668.html
اختتام اجتماع عسكري بين المغرب وفرنسا,https://www.hespress.com/%d8%a7%d8%ae%d8%aa%d8%aa%d8%a7%d9%85-%d8%a7%d8%ac%d8%aa%d9%85%d8%a7%d8%b9-%d8%b9%d8%b3%d9%83%d8%b1%d9%8a-%d8%a8%d9%8a%d9%86-%d8%a7%d9%84%d9%85%d8%ba%d8%b1%d8%a8-%d9%88%d9%81%d8%b1%d9%86%d8%b3%d8%a7-1474912.html
الانتصارات المغربية تغرق البوليساريو في خطابات تهدئة الجبهة الداخلية,https://www.hespress.com/%d8%a7%d9%84%d8%a7%d9%86%d8%aa%d8%b5%d8%a7%d8%b1%d8%a7%d8%aa-%d8%a7%d9%84%d9%85%d8%ba%d8%b1%d8%a8%d9%8a%d8%a9-%d8%aa%d8%ba%d8%b1%d9%82-%d8%a7%d9%84%d8%a8%d9%88%d9%84%d9%8a%d8%b3%d8%a7%d8%b1%d9%8a-1474268.html
التعاون يجمع بين وهبي ووزير مصري,https://www.hespress.com/%d8%a7%d9%84%d8%aa%d8%b9%d8%a7%d9%88%d9%86-%d9%8a%d8%ac%d9%85%d8%b9-%d8%a8%d9%8a%d9%86-%d9%88%d9%87%d8%a8%d9%8a-%d9%88%d9%88%d8%b2%d9%8a%d8%b1-%d9%85%d8%b5%d8%b1%d9%8a-1472998.html
"وهبي: ""الدولة العميقة"" تراقب الانتخابات .. والجولاني ثمرة اتفاق في سوريا",https://www.hespress.com/%d9%88%d9%87%d8%a8%d9%8a-%d8%a7%d9%84%d8%af%d9%88%d9%84%d8%a9-%d8%a7%d9%84%d8%b9%d9%85%d9%8a%d9%82%d8%a9-%d8%aa%d8%b1%d8%a7%d9%82%d8%a8-%d8%a7%d9%84%d8%a7%d9%86%d8%aa%d8%ae%d8%a7%d8%a8%d8%a7-1483976.html
مفوضة أوروبية تؤكد أهمية المغرب,https://www.hespress.com/%d9%85%d9%81%d9%88%d8%b6%d8%a9-%d8%a3%d9%88%d8%b1%d9%88%d8%a8%d9%8a%d8%a9-%d8%aa%d8%a4%d9%83%d8%af-%d8%a3%d9%87%d9%85%d9%8a%d8%a9-%d8%a7%d9%84%d9%85%d8%ba%d8%b1%d8%a8-1483432.html
ولد سيدي مولود: البوليساريو تخاطب الاتحاد الأوروبي بمطالب استرزاقية,https://www.hespress.com/%d9%88%d9%84%d8%af-%d8%b3%d9%8a%d8%af%d9%8a-%d9%85%d9%88%d9%84%d9%88%d8%af-%d8%a7%d9%84%d8%a8%d9%88%d9%84%d9%8a%d8%b3%d8%a7%d8%b1%d9%8a%d9%88-%d8%aa%d8%ae%d8%a7%d8%b7%d8%a8-%d8%a7%d9%84%d8%a7%d8%aa-1482146.html
"لجنة إفريقيا بالأمم الاشتراكية تدرس ""تطرف المناخ"" وسبل إنهاء حرب غزة",https://www.hespress.com/%d9%84%d8%ac%d9%86%d8%a9-%d8%a5%d9%81%d8%b1%d9%8a%d9%82%d9%8a%d8%a7-%d8%a8%d8%a7%d9%84%d8%a3%d9%85%d9%85-%d8%a7%d9%84%d8%a7%d8%b4%d8%aa%d8%b1%d8%a7%d9%83%d9%8a%d8%a9-%d8%aa%d8%af%d8%b1%d8%b3-%d8%aa-1483275.html
ملف الصحراء في 2024 .. الملك يقود المغرب إلى نجاحات دبلوماسية وازنة,https://www.hespress.com/%d9%85%d9%84%d9%81-%d8%a7%d9%84%d8%b5%d8%ad%d8%b1%d8%a7%d8%a1-%d9%81%d9%8a-2024-%d8%a7%d9%84%d9%85%d9%84%d9%83-%d9%8a%d9%82%d9%88%d8%af-%d8%a7%d9%84%d9%85%d8%ba%d8%b1%d8%a8-%d8%a5%d9%84%d9%89-1488260.html
"فتاح: الجهود تقلص ""آجال الأداء"" .. و""تأمين المرض"" يتطلب التوعية",https://www.hespress.com/%d9%81%d8%aa%d8%a7%d8%ad-%d8%a2%d8%ac%d8%a7%d9%84-%d8%a7%d9%84%d8%a3%d8%af%d8%a7%d8%a1-%d8%aa%d8%aa%d9%82%d9%84%d8%b5-%d8%a8%d8%a7%d9%84%d9%82%d8%b7%d8%a7%d8%b9-%d8%a7%d9%84%d8%b9%d8%a7%d9%85-1483444.html
"‬حزب ""الوردة"" ينعى بنيونس المرزوقي",https://www.hespress.com/%d8%a7%d9%84%d9%88%d8%b1%d8%af%d8%a9-%d9%8a%d9%86%d8%b9%d9%89-%d8%a8%d9%86-%d9%8a%d9%88%d9%86%d8%b3-%d8%a7%d9%84%d9%85%d8%b1%d8%b2%d9%88%d9%82%d9%8a-1478657.html
"""البراغماتية الدبلوماسية"" تقرب كينيا من تغيير الموقف بشأن الصحراء",https://www.hespress.com/%d8%a7%d9%84%d8%a8%d8%b1%d8%a7%d8%ba%d9%85%d8%a7%d8%aa%d9%8a%d8%a9-%d8%a7%d9%84%d8%af%d8%a8%d9%84%d9%88%d9%85%d8%a7%d8%b3%d9%8a%d8%a9-%d8%aa%d9%82%d8%b1%d8%a8-%d9%83%d9%8a%d9%86%d9%8a%d8%a7-%d9%85-1474899.html
بركة يرتب البيت الداخلي الاستقلالي,https://www.hespress.com/%d8%a8%d8%b1%d9%83%d8%a9-%d9%8a%d8%b1%d8%aa%d8%a8-%d8%a7%d9%84%d8%a8%d9%8a%d8%aa-%d8%a7%d9%84%d8%af%d8%a7%d8%ae%d9%84%d9%8a-%d8%a7%d9%84%d8%a7%d8%b3%d8%aa%d9%82%d9%84%d8%a7%d9%84%d9%8a-1477956.html
السكوري يعلن عن برامج حكومية لدعم الشغل بالمدن والقرى ابتداء من 2025,https://www.hespress.com/%d8%a7%d9%84%d8%b3%d9%83%d9%88%d8%b1%d9%8a-%d9%8a%d8%b9%d9%84%d9%86-%d8%b9%d9%86-%d8%a8%d8%b1%d8%a7%d9%85%d8%ac-%d8%ad%d9%83%d9%88%d9%85%d9%8a%d8%a9-%d9%84%d8%af%d8%b9%d9%85-%d8%a7%d9%84%d8%b4%d8%ba-1481882.html
بن براهيم يعدد إشكاليات البناء في القرى ويتمسّك بتقليص وثائق التعمير,https://www.hespress.com/%d8%a8%d9%86-%d8%a8%d8%b1%d8%a7%d9%87%d9%8a%d9%85-%d9%8a%d8%b9%d8%af%d8%af-%d8%a5%d8%b4%d9%83%d8%a7%d9%84%d9%8a%d8%a7%d8%aa-%d8%a7%d9%84%d8%a8%d9%86%d8%a7%d8%a1-%d9%81%d9%8a-%d8%a7%d9%84%d9%82%d8%b1-1479419.html
بوريطة: الدبلوماسية الملكية تضمن النجاحات في قضية الصحراء المغربية,https://www.hespress.com/%d8%a8%d9%88%d8%b1%d9%8a%d8%b7%d8%a9-%d8%a7%d9%84%d8%af%d8%a8%d9%84%d9%88%d9%85%d8%a7%d8%b3%d9%8a%d8%a9-%d8%a7%d9%84%d9%85%d9%84%d9%83%d9%8a%d8%a9-%d8%aa%d8%b6%d9%85%d9%86-%d8%a7%d9%84%d9%86%d8%ac-1481135.html
"57 ألف أسرة تستفيد من ""دعم الزلزال""",https://www.hespress.com/57-%d8%a3%d9%84%d9%81-%d8%a3%d8%b3%d8%b1%d8%a9-%d8%aa%d8%b3%d8%aa%d9%81%d9%8a%d8%af-%d9%85%d9%86-%d8%af%d8%b9%d9%85-%d8%a7%d9%84%d8%b2%d9%84%d8%b2%d8%a7%d9%84-1474448.html
"مناورات ""طويق 4"".. المغرب يلتزم بتعزيز التعاون العسكري مع دول الخليج",https://www.hespress.com/%d9%85%d9%86%d8%a7%d9%88%d8%b1%d8%a7%d8%aa-%d8%b7%d9%88%d9%8a%d9%82-4-%d8%a7%d9%84%d9%85%d8%ba%d8%b1%d8%a8-%d9%8a%d9%84%d8%aa%d8%b2%d9%85-%d8%a8%d8%aa%d8%b9%d8%b2%d9%8a%d8%b2-%d8%a7%d9%84%d8%aa-1482225.html
برلمانية تنبه ميداوي إلى مخالفات,https://www.hespress.com/%d8%a8%d8%b1%d9%84%d9%85%d8%a7%d9%86%d9%8a%d8%a9-%d8%aa%d9%86%d9%8a%d9%87-%d8%a7%d9%84%d9%88%d8%b2%d9%8a%d8%b1-%d9%85%d9%8a%d8%af%d8%a7%d9%88%d9%8a-%d8%a5%d9%84%d9%89-%d9%85%d8%ae%d8%a7%d9%84%d9%81-1485084.html
"""مشاورات بوزنيقة"" تجمع الفرقاء الليبيين على خارطة طريق لإنهاء المراحل الانتقالية",https://www.hespress.com/%d9%85%d8%b4%d8%a7%d9%88%d8%b1%d8%a7%d8%aa-%d8%a8%d9%88%d8%b2%d9%86%d9%8a%d9%82%d8%a9-%d8%aa%d8%ac%d9%85%d8%b9-%d8%a7%d9%84%d9%81%d8%b1%d9%82%d8%a7%d8%a1-%d8%a7%d9%84%d9%84%d9%8a%d8%a8%d9%8a%d9%8a-1484374.html
سبيك يستعرض استعانة الأمن الوطني المغربي بقدرات الذكاء الاصطناعي,https://www.hespress.com/%d8%b3%d8%a8%d9%8a%d9%83-%d9%8a%d8%b3%d8%aa%d8%b9%d8%b1%d8%b6-%d8%a7%d8%b3%d8%aa%d8%b9%d8%a7%d9%86%d8%a9-%d8%a7%d9%84%d8%a3%d9%85%d9%86-%d8%a7%d9%84%d9%88%d8%b7%d9%86%d9%8a-%d8%a7%d9%84%d9%85%d8%ba-1480305.html
أوزين: الأمازيغية لغة 70 في المائة من المغاربة .. وعلمانية المملكة متفردة,https://www.hespress.com/%d8%a3%d9%88%d8%b2%d9%8a%d9%86-%d8%a7%d9%84%d8%a3%d9%85%d8%a7%d8%b2%d9%8a%d8%ba%d9%8a%d8%a9-%d9%84%d8%ba%d8%a9-70-%d9%81%d9%8a-%d8%a7%d9%84%d9%85%d8%a7%d8%a6%d8%a9-%d9%85%d9%86-%d8%a7%d9%84%d9%85-1485509.html
أخنوش يتباحث مع رئيس البنك الإفريقي,https://www.hespress.com/%d8%a3%d8%ae%d9%86%d9%88%d8%b4-%d9%8a%d8%aa%d8%a8%d8%a7%d8%ad%d8%ab-%d9%85%d8%b9-%d8%b1%d8%a6%d9%8a%d8%b3-%d8%a7%d9%84%d8%a8%d9%86%d9%83-%d8%a7%d9%84%d8%a5%d9%81%d8%b1%d9%8a%d9%82%d9%8a-1476226.html
"المساهمة المالية في ""كاتدرائية نوتردام"" تكرس الدبلوماسية الروحية للمملكة",https://www.hespress.com/%d8%a7%d9%84%d9%85%d8%b3%d8%a7%d9%87%d9%85%d8%a9-%d8%a7%d9%84%d9%85%d8%a7%d9%84%d9%8a%d8%a9-%d8%a7%d9%84%d9%85%d8%ba%d8%b1%d8%a8%d9%8a%d8%a9-%d9%81%d9%8a-%d9%83%d8%a7%d8%aa%d8%af%d8%b1%d8%a7%d8%a6-1478531.html
"لفتيت يستعجل تنزيل ""ميثاق اللاتمركز"" وتقوية الموارد المالية للجهات",https://www.hespress.com/%d9%84%d9%81%d8%aa%d9%8a%d8%aa-%d9%8a%d8%b3%d8%aa%d8%b9%d8%ac%d9%84-%d8%aa%d9%86%d8%b2%d9%8a%d9%84-%d9%85%d9%8a%d8%ab%d8%a7%d9%82-%d8%a7%d9%84%d9%84%d8%a7%d8%aa%d9%85%d8%b1%d9%83%d8%b2-%d9%88-1485600.html
الملك يشيد بعلاقات الأخوة مع الكويت,https://www.hespress.com/%d8%a7%d9%84%d9%85%d9%84%d9%83-%d9%8a%d8%b4%d9%8a%d8%af-%d8%a8%d8%b9%d9%84%d8%a7%d9%82%d8%a7%d8%aa-%d8%a7%d9%84%d8%a3%d8%ae%d9%88%d8%a9-%d9%85%d8%b9-%d8%a7%d9%84%d9%83%d9%88%d9%8a%d8%aa-1484991.html
"""الأغلبية"" تفسر مساندة الحكومة في صياغة مشروع قانون المالية لـ2025",https://www.hespress.com/%d8%a7%d9%84%d8%a3%d8%ba%d9%84%d8%a8%d9%8a%d8%a9-%d8%aa%d9%81%d8%b3%d8%b1-%d9%85%d8%b3%d8%a7%d9%86%d8%af%d8%a9-%d8%a7%d9%84%d8%ad%d9%83%d9%88%d9%85%d8%a9-%d9%81%d9%8a-%d8%b5%d9%8a%d8%a7%d8%ba-1476939.html
"أخنوش يطلق تطوير ""محطة موكادور""",https://www.hespress.com/%d8%a3%d8%ae%d9%86%d9%88%d8%b4-%d9%8a%d8%b7%d9%84%d9%82-%d8%aa%d8%b7%d9%88%d9%8a%d8%b1-%d9%85%d8%ad%d8%b7%d8%a9-%d9%85%d9%88%d9%83%d8%a7%d8%af%d9%88%d8%b1-1484793.html
المغرب ينادي بإسكات البنادق بإفريقيا,https://www.hespress.com/%d8%a7%d9%84%d9%85%d8%ba%d8%b1%d8%a8-%d9%8a%d9%86%d8%a7%d8%af%d9%8a-%d8%a8%d8%a5%d8%b3%d9%83%d8%a7%d8%aa-%d8%a7%d9%84%d8%a8%d9%86%d8%a7%d8%af%d9%82-%d8%a8%d8%a5%d9%81%d8%b1%d9%8a%d9%82%d9%8a%d8%a7-1483871.html
"""الديمقراطية على الحافة"".. سياسيون يفككون تفاعلات الرقمنة وصعود الشعبوية",https://www.hespress.com/%d8%a7%d9%84%d8%af%d9%8a%d9%85%d9%82%d8%b1%d8%a7%d8%b7%d9%8a%d8%a9-%d8%b9%d9%84%d9%89-%d8%a7%d9%84%d8%ad%d8%a7%d9%81%d8%a9-%d8%b3%d9%8a%d8%a7%d8%b3%d9%8a%d9%88%d9%86-%d9%8a%d9%81%d9%83%d9%83-1481333.html
"الكتاب المحلفون يراهنون على تعديلات  في قانون ""المفوضين القضائيين""",https://www.hespress.com/%d8%a7%d9%84%d9%83%d8%aa%d8%a7%d8%a8-%d8%a7%d9%84%d9%85%d8%ad%d9%84%d9%81%d9%88%d9%86-%d9%8a%d8%b1%d8%a7%d9%87%d9%86%d9%88%d9%86-%d8%b9%d9%84%d9%89-%d8%aa%d8%b9%d8%af%d9%8a%d9%84%d8%a7%d8%aa-%d9%81-1487743.html
"الراشدي يكشف حقيقة ""الانتقام السياسي"" منه عبر ""المراجعة الضريبية""",https://www.hespress.com/%d8%a7%d9%84%d8%b1%d8%a7%d8%b4%d8%af%d9%8a-%d9%8a%d9%83%d8%b4%d9%81-%d8%ad%d9%82%d9%8a%d9%82%d8%a9-%d8%a7%d9%84%d8%a7%d9%86%d8%aa%d9%82%d8%a7%d9%85-%d8%a7%d9%84%d8%b3%d9%8a%d8%a7%d8%b3%d9%8a-1484889.html
"أمريكا توافق على بيع 30 صاروخ ""جو ـ جو"" للمغرب بـ89 مليون دولار",https://www.hespress.com/%d8%a3%d9%85%d8%b1%d9%8a%d9%83%d8%a7-%d8%aa%d9%88%d8%a7%d9%81%d9%82-%d8%b9%d9%84%d9%89-%d8%a8%d9%8a%d8%b9-30-%d8%b5%d8%a7%d8%b1%d9%88%d8%ae-%d8%ac%d9%88-%d9%80-%d8%ac%d9%88-%d9%84%d9%84%d9%85-1485771.html
فنزويلا تحاول الخروج من العزلة برسالة تضامن مع جبهة البوليساريو,https://www.hespress.com/%d9%81%d9%86%d8%b2%d9%88%d9%8a%d9%84%d8%a7-%d8%aa%d8%ad%d8%a7%d9%88%d9%84-%d8%a7%d9%84%d8%ae%d8%b1%d9%88%d8%ac-%d9%85%d9%86-%d8%a7%d9%84%d8%b9%d8%b2%d9%84%d8%a9-%d8%a8%d8%b1%d8%b3%d8%a7%d9%84%d8%a9-1482120.html
عسكريات مغربيات يشاركن في عمليات حفظ السلام بالكونغو الديمقراطية,https://www.hespress.com/%d8%b9%d8%b3%d9%83%d8%b1%d9%8a%d8%a7%d8%aa-%d9%85%d8%ba%d8%b1%d8%a8%d9%8a%d8%a7%d8%aa-%d9%8a%d8%b4%d8%a7%d8%b1%d9%83%d9%86-%d9%81%d9%8a-%d8%b9%d9%85%d9%84%d9%8a%d8%a7%d8%aa-%d8%ad%d9%81%d8%b8-%d8%a7-1477083.html
ماذا بعد اختتام المناظرة الوطنية الثانية حول الجهوية المتقدمة في المغرب؟,https://www.hespress.com/%d9%85%d8%a7%d8%b0%d8%a7-%d8%a8%d8%b9%d8%af-%d8%a7%d8%ae%d8%aa%d8%aa%d8%a7%d9%85-%d8%a7%d9%84%d9%85%d9%86%d8%a7%d8%b8%d8%b1%d8%a9-%d8%a7%d9%84%d9%88%d8%b7%d9%86%d9%8a%d8%a9-%d8%a7%d9%84%d8%ab%d8%a7-1487078.html
"""حزب الكتاب"" يدعو إلى ""طي ملفات""",https://www.hespress.com/%d8%ad%d8%b2%d8%a8-%d8%a7%d9%84%d9%83%d8%aa%d8%a7%d8%a8-%d9%8a%d8%af%d8%b9%d9%88-%d8%a5%d9%84%d9%89-%d8%b7%d9%8a-%d9%85%d9%84%d9%81%d8%a7%d8%aa-1479769.html
تقرير يتطرق إلى خطوات استراتيجية للحكم الذاتي في الصحراء المغربية,https://www.hespress.com/%d8%aa%d9%82%d8%b1%d9%8a%d8%b1-%d9%8a%d8%aa%d8%b7%d8%b1%d9%82-%d8%a5%d9%84%d9%89-%d8%ae%d8%b7%d9%88%d8%a7%d8%aa-%d8%a7%d8%b3%d8%aa%d8%b1%d8%a7%d8%aa%d9%8a%d8%ac%d9%8a%d8%a9-%d9%84%d8%a5%d8%b1%d8%b3-1481150.html
"""الحسابات"" يحيل ملفات على الجنايات ويعاقب مؤسسات ورؤساء جماعات",https://www.hespress.com/%d8%a7%d9%84%d8%ad%d8%b3%d8%a7%d8%a8%d8%a7%d8%aa-%d9%8a%d8%ad%d9%8a%d9%84-%d9%85%d9%84%d9%81%d8%a7%d8%aa-%d8%b9%d9%84%d9%89-%d8%a7%d9%84%d8%ac%d9%86%d8%a7%d9%8a%d8%a7%d8%aa-%d9%88%d9%8a%d8%b9-1481608.html
لقاء تواصلي يجمع حركيين بالحسيمة,https://www.hespress.com/%d9%84%d9%82%d8%a7%d8%a1-%d8%aa%d9%88%d8%a7%d8%b5%d9%84%d9%8a-%d9%8a%d8%ac%d9%85%d8%b9-%d8%ad%d8%b1%d9%83%d9%8a%d9%8a%d9%86-%d8%a8%d8%a7%d9%84%d8%ad%d8%b3%d9%8a%d9%85%d8%a9-1477452.html
الروداني يبرز دور العلاقات المغربية الموريتانية في تحديد مستقبل المنطقة,https://www.hespress.com/%d8%a7%d9%84%d8%b1%d9%88%d8%af%d8%a7%d9%86%d9%8a-%d9%8a%d8%a8%d8%b1%d8%b2-%d8%af%d9%88%d8%b1-%d8%a7%d9%84%d8%b9%d9%84%d8%a7%d9%82%d8%a7%d8%aa-%d8%a7%d9%84%d9%85%d8%ba%d8%b1%d8%a8%d9%8a%d8%a9-%d8%a7-1485869.html
"بايتاس يوضح بشأن ""المساهمة الإبرائية"" ويُثمن إيجابية نقاش قانون الإضراب",https://www.hespress.com/%d8%a8%d8%a7%d9%8a%d8%aa%d8%a7%d8%b3-%d9%8a%d9%88%d8%b6%d8%ad-%d8%a8%d8%b4%d8%a3%d9%86-%d8%a7%d9%84%d9%85%d8%b3%d8%a7%d9%87%d9%85%d8%a9-%d8%a7%d9%84%d8%a5%d8%a8%d8%b1%d8%a7%d8%a6%d9%8a%d8%a9-1488381.html
لجنة نيابية تقرّ مشروع قانون المالية,https://www.hespress.com/%d9%84%d8%ac%d9%86%d8%a9-%d9%86%d9%8a%d8%a7%d8%a8%d9%8a%d8%a9-%d8%aa%d9%82%d8%b1%d9%91-%d9%85%d8%b4%d8%b1%d9%88%d8%b9-%d9%82%d8%a7%d9%86%d9%88%d9%86-%d8%a7%d9%84%d9%85%d8%a7%d9%84%d9%8a%d8%a9-1476648.html
الشوبكي: دعم المغرب لفلسطين ممدود.. ومعركة إسرائيل حرب وجود,https://www.hespress.com/%d8%a7%d9%84%d8%b4%d9%88%d8%a8%d9%83%d9%8a-%d8%af%d8%b9%d9%85-%d8%a7%d9%84%d9%85%d8%ba%d8%b1%d8%a8-%d9%84%d9%81%d9%84%d8%b3%d8%b7%d9%8a%d9%86-%d9%85%d9%85%d8%af%d9%88%d8%af-%d9%88%d8%a7%d9%84%d8%b5-1473139.html
العلمي يقارب واقع وتحديات العالم,https://www.hespress.com/%d8%a7%d9%84%d8%b9%d9%84%d9%85%d9%8a-%d9%8a%d9%82%d8%a7%d8%b1%d8%a8-%d9%88%d8%a7%d9%82%d8%b9-%d9%88%d8%aa%d8%ad%d8%af%d9%8a%d8%a7%d8%aa-%d8%a7%d9%84%d8%b9%d8%a7%d9%84%d9%85-1483149.html
بنعلي: الدبلوماسية تستفيد من الإجماع,https://www.hespress.com/%d8%a8%d9%86%d8%b9%d9%84%d9%8a-%d8%a7%d9%84%d8%af%d8%a8%d9%84%d9%88%d9%85%d8%a7%d8%b3%d9%8a%d8%a9-%d8%aa%d8%b3%d8%aa%d9%81%d9%8a%d8%af-%d9%85%d9%86-%d8%a7%d9%84%d8%a5%d8%ac%d9%85%d8%a7%d8%b9-1477035.html
القوات المسلحة المغربية تقوي القدرات التقنية بصفقة جديدة مع أمريكا,https://www.hespress.com/%d8%a7%d9%84%d9%82%d9%88%d8%a7%d8%aa-%d8%a7%d9%84%d9%85%d8%b3%d9%84%d8%ad%d8%a9-%d8%a7%d9%84%d9%85%d8%ba%d8%b1%d8%a8%d9%8a%d8%a9-%d8%aa%d9%82%d9%88%d9%8a-%d8%a7%d9%84%d9%82%d8%af%d8%b1%d8%a7%d8%aa-1483289.html
"بنعبد الله يرسم ""صورة سوداء"" لمشاركة الشباب في العمل السياسي بالمغرب",https://www.hespress.com/%d8%a8%d9%86%d8%b9%d8%a8%d8%af-%d8%a7%d9%84%d9%84%d9%87-%d9%8a%d8%b1%d8%b3%d9%85-%d8%b5%d9%88%d8%b1%d8%a9-%d8%b3%d9%88%d8%af%d8%a7%d8%a1-%d9%84%d9%85%d8%b4%d8%a7%d8%b1%d9%83%d8%a9-%d8%a7%d9%84-1482371.html
الملك يترأس مجلسا وزاريا بالرباط ويطلع على استعدادات تنظيم كأس العالم,https://www.hespress.com/%d8%a7%d9%84%d9%85%d9%84%d9%83-%d9%8a%d8%aa%d8%b1%d8%a3%d8%b3-%d9%85%d8%ac%d9%84%d8%b3%d8%a7-%d9%88%d8%b2%d8%a7%d8%b1%d9%8a%d8%a7-%d8%a8%d8%a7%d9%84%d8%b1%d8%a8%d8%a7%d8%b7-%d9%88%d9%8a%d8%b7%d9%84-1475599.html
مغاربة: أمريكا شريكة إسرائيل بالإبادة,https://www.hespress.com/%d9%85%d8%ba%d8%a7%d8%b1%d8%a8%d8%a9-%d8%a3%d9%85%d8%b1%d9%8a%d9%83%d8%a7-%d8%b4%d8%b1%d9%8a%d9%83%d8%a9-%d8%a5%d8%b3%d8%b1%d8%a7%d8%a6%d9%8a%d9%84-%d8%a8%d8%a7%d9%84%d8%a5%d8%a8%d8%a7%d8%af%d8%a9-1473062.html
"كيف ستتعامل الرباط مع ""سوريي المغرب"" بعد سقوط نظام بشار الأسد؟",https://www.hespress.com/%d9%83%d9%8a%d9%81-%d8%b3%d8%aa%d8%aa%d8%b9%d8%a7%d9%85%d9%84-%d8%a7%d9%84%d8%b1%d8%a8%d8%a7%d8%b7-%d9%85%d8%b9-%d8%b3%d9%88%d8%b1%d9%8a%d9%8a-%d8%a7%d9%84%d9%85%d8%ba%d8%b1%d8%a8-%d8%a8%d8%b9-1479978.html
هذه رهانات النظام الجزائري من عرقلة حوار الفرقاء الليبيين في المغرب,https://www.hespress.com/%d9%87%d8%b0%d9%87-%d8%b1%d9%87%d8%a7%d9%86%d8%a7%d8%aa-%d8%a7%d9%84%d9%86%d8%b8%d8%a7%d9%85-%d8%a7%d9%84%d8%ac%d8%b2%d8%a7%d8%a6%d8%b1%d9%8a-%d9%85%d9%86-%d8%b9%d8%b1%d9%82%d9%84%d8%a9-%d8%ad%d9%88-1488322.html
الملك يهنئ البحرين بالعيد الوطني,https://www.hespress.com/%d8%a7%d9%84%d9%85%d9%84%d9%83-%d9%8a%d9%87%d9%86%d8%a6-%d8%a7%d9%84%d8%a8%d8%ad%d8%b1%d9%8a%d9%86-%d8%a8%d8%a7%d9%84%d8%b9%d9%8a%d8%af-%d8%a7%d9%84%d9%88%d8%b7%d9%86%d9%8a-1482529.html
المغرب والخليج العربي .. دعم متبادل في قضايا السيادة والأمن الإقليمي,https://www.hespress.com/%d8%a7%d9%84%d9%85%d8%ba%d8%b1%d8%a8-%d9%88%d8%a7%d9%84%d8%ae%d9%84%d9%8a%d8%ac-%d8%a7%d9%84%d8%b9%d8%b1%d8%a8%d9%8a-%d8%af%d8%b9%d9%85-%d9%85%d8%aa%d8%a8%d8%a7%d8%af%d9%84-%d9%81%d9%8a-%d9%82-1474969.html
"تقرير: تدخل الجزائر في الشأن التونسي يستغل فزاعة ""الاستقرار الإقليمي""",https://www.hespress.com/%d8%aa%d9%82%d8%b1%d9%8a%d8%b1-%d8%aa%d8%af%d8%ae%d9%84-%d8%a7%d9%84%d8%ac%d8%b2%d8%a7%d8%a6%d8%b1-%d9%81%d9%8a-%d8%a7%d9%84%d8%b4%d8%a3%d9%86-%d8%a7%d9%84%d8%aa%d9%88%d9%86%d8%b3%d9%8a-%d9%8a%d8%b3-1487675.html
المجلس الأعلى بليبيا ينتقد التدخل,https://www.hespress.com/%d8%a7%d9%84%d9%85%d8%ac%d9%84%d8%b3-%d8%a7%d9%84%d8%a3%d8%b9%d9%84%d9%89-%d8%a8%d9%84%d9%8a%d8%a8%d9%8a%d8%a7-%d9%8a%d9%86%d8%aa%d9%82%d8%af-%d8%a7%d9%84%d8%aa%d8%af%d8%ae%d9%84-1485806.html
توظيف الأمازيغ في استهداف المغرب يثير احتجاجات ليبية ضد الجزائر,https://www.hespress.com/%d8%aa%d9%88%d8%b8%d9%8a%d9%81-%d8%a7%d9%84%d8%a3%d9%85%d8%a7%d8%b2%d9%8a%d8%ba-%d9%81%d9%8a-%d8%a7%d8%b3%d8%aa%d9%87%d8%af%d8%a7%d9%81-%d8%a7%d9%84%d9%85%d8%ba%d8%b1%d8%a8-%d9%8a%d8%ab%d9%8a%d8%b1-1475394.html
بن سلمان يطمئن على صحة الملك,https://www.hespress.com/%d8%a8%d9%86-%d8%b3%d9%84%d9%85%d8%a7%d9%86-%d9%8a%d8%b7%d9%85%d8%a6%d9%86-%d8%b9%d9%84%d9%89-%d8%b5%d8%ad%d8%a9-%d8%a7%d9%84%d9%85%d9%84%d9%83-1485192.html
البديوي يجدد دعم الخليج لمغربية الصحراء .. وبوريطة: وجهات النظر متوافقة,https://www.hespress.com/%d8%a7%d9%84%d8%a8%d8%af%d9%8a%d9%88%d9%8a-%d9%8a%d8%ac%d8%af%d8%af-%d8%af%d8%b9%d9%85-%d8%a7%d9%84%d8%ae%d9%84%d9%8a%d8%ac-%d9%84%d9%85%d8%ba%d8%b1%d8%a8%d9%8a%d8%a9-%d8%a7%d9%84%d8%b5%d8%ad%d8%b1-1480353.html
الإكوادور تشيد بمبادرة الحكم الذاتي,https://www.hespress.com/%d8%a7%d9%84%d8%a5%d9%83%d9%88%d8%a7%d8%af%d9%88%d8%b1-%d8%aa%d8%b4%d9%8a%d8%af-%d8%a8%d9%85%d8%a8%d8%a7%d8%af%d8%b1%d8%a9-%d8%a7%d9%84%d8%ad%d9%83%d9%85-%d8%a7%d9%84%d8%b0%d8%a7%d8%aa%d9%8a-1474439.html
الملك محمد السادس: سبع تحديات كبرى تواجه تنزيل ورش الجهوية المتقدمة,https://www.hespress.com/%d8%a7%d9%84%d9%85%d9%84%d9%83-%d9%85%d8%ad%d9%85%d8%af-%d8%a7%d9%84%d8%b3%d8%a7%d8%af%d8%b3-%d8%b3%d8%a8%d8%b9-%d8%aa%d8%ad%d8%af%d9%8a%d8%a7%d8%aa-%d9%83%d8%a8%d8%b1%d9%89-%d8%aa%d9%88%d8%a7%d8%ac-1484881.html
تفكيك أطروحة انفصال الصحراء.. المفاهيم القانونية والحقائق السياسية,https://www.hespress.com/%d8%aa%d9%81%d9%83%d9%8a%d9%83-%d8%a3%d8%b7%d8%b1%d9%88%d8%ad%d8%a9-%d8%a7%d9%86%d9%81%d8%b5%d8%a7%d9%84-%d8%a7%d9%84%d8%b5%d8%ad%d8%b1%d8%a7%d8%a1-%d8%a7%d9%84%d9%85%d9%81%d8%a7%d9%87%d9%8a%d9%85-1485833.html
"البرلمان الأوروبي يفطن لأجندات الجزائر بالتخلي عن ""المجموعة البرلمانية للصحراء""",https://www.hespress.com/%d8%a7%d9%84%d8%a8%d8%b1%d9%84%d9%85%d8%a7%d9%86-%d8%a7%d9%84%d8%a3%d9%88%d8%b1%d9%88%d8%a8%d9%8a-%d9%8a%d9%81%d8%b7%d9%86-%d9%84%d8%a3%d8%ac%d9%86%d8%af%d8%a7%d8%aa-%d8%a7%d9%84%d8%ac%d8%b2%d8%a7-1480506.html
"""الرفاق"" ينادون بتدابير لصد الغلاء",https://www.hespress.com/%d8%a7%d9%84%d8%b1%d9%81%d8%a7%d9%82-%d9%8a%d9%86%d8%a7%d8%af%d9%88%d9%86-%d8%a8%d8%aa%d8%af%d8%a7%d8%a8%d9%8a%d8%b1-%d9%84%d8%b5%d8%af-%d8%a7%d9%84%d8%ba%d9%84%d8%a7%d8%a1-1475510.html
الملك محمد السادس يهنئ الإمارات,https://www.hespress.com/%d8%a7%d9%84%d9%85%d9%84%d9%83-%d9%85%d8%ad%d9%85%d8%af-%d8%a7%d9%84%d8%b3%d8%a7%d8%af%d8%b3-%d9%8a%d9%87%d9%86%d8%a6-%d8%a7%d9%84%d8%a5%d9%85%d8%a7%d8%b1%d8%a7%d8%aa-1474269.html
البوليساريو تطالب الاتحاد الأوروبي بالمشاركة في المفاوضات التجارية للصحراء,https://www.hespress.com/%d8%a7%d9%84%d8%a8%d9%88%d9%84%d9%8a%d8%b3%d8%a7%d8%b1%d9%8a%d9%88-%d8%aa%d8%b7%d8%a7%d9%84%d8%a8-%d8%a7%d9%84%d8%a7%d8%aa%d8%ad%d8%a7%d8%af-%d8%a7%d9%84%d8%a3%d9%88%d8%b1%d9%88%d8%a8%d9%8a-%d8%a8-1479954.html
"أخنوش يستقبل ""برون بيفي"" بالرباط",https://www.hespress.com/%d8%a3%d8%ae%d9%86%d9%88%d8%b4-%d9%8a%d8%b3%d8%aa%d9%82%d8%a8%d9%84-%d8%a8%d8%b1%d9%88%d9%86-%d8%a8%d9%8a%d9%81%d9%8a-%d8%a8%d8%a7%d9%84%d8%b1%d8%a8%d8%a7%d8%b7-1480243.html
الملك يشيد بالعلاقات الأخوية مع ليبيا,https://www.hespress.com/%d8%a7%d9%84%d9%85%d9%84%d9%83-%d9%8a%d8%b4%d9%8a%d8%af-%d8%a8%d8%a7%d9%84%d8%b9%d9%84%d8%a7%d9%82%d8%a7%d8%aa-%d8%a7%d9%84%d8%a3%d8%ae%d9%88%d9%8a%d8%a9-%d9%85%d8%b9-%d9%84%d9%8a%d8%a8%d9%8a%d8%a7-1487064.html
مالكي يقيّم التجربة الدستورية بالمغرب,https://www.hespress.com/%d9%86%d8%af%d9%88%d8%a9-%d8%aa%d9%82%d9%8a%d9%91%d9%85-%d8%a7%d9%84%d8%aa%d8%ac%d8%b1%d8%a8%d8%a9-%d8%a7%d9%84%d8%af%d8%b3%d8%aa%d9%88%d8%b1%d9%8a%d8%a9-%d8%a8%d8%a7%d9%84%d9%85%d8%ba%d8%b1%d8%a8-1488879.html
هلال: قوة دول الجنوب تتطلب الوحدة .. وأطالي: مفاهيم الاستعمار متجاوزة,https://www.hespress.com/%d9%87%d9%84%d8%a7%d9%84-%d9%82%d9%88%d8%a9-%d8%af%d9%88%d9%84-%d8%a7%d9%84%d8%ac%d9%86%d9%88%d8%a8-%d8%aa%d8%aa%d8%b7%d9%84%d8%a8-%d8%a7%d9%84%d9%88%d8%ad%d8%af%d8%a9-%d9%88%d8%a3%d8%b7%d8%a7-1481058.html
برعاية مغربية .. الفرقاء الليبيون يتوصلون إلى اتفاق جديد في بوزنيقة,https://www.hespress.com/%d8%a8%d8%b1%d8%b9%d8%a7%d9%8a%d8%a9-%d9%85%d8%ba%d8%b1%d8%a8%d9%8a%d8%a9-%d8%a7%d9%84%d9%81%d8%b1%d9%82%d8%a7%d8%a1-%d8%a7%d9%84%d9%84%d9%8a%d8%a8%d9%8a%d9%88%d9%86-%d9%8a%d8%aa%d9%88%d8%b5%d9%84-1484061.html
"سفارة الإمارات تحيي عيد الاتحاد بالرباط وتؤكد ""الصحراء مغربية إلى الأبد""",https://www.hespress.com/%d8%b3%d9%81%d8%a7%d8%b1%d8%a9-%d8%a7%d9%84%d8%a5%d9%85%d8%a7%d8%b1%d8%a7%d8%aa-%d8%aa%d8%ad%d9%8a%d9%8a-%d8%b9%d9%8a%d8%af-%d8%a7%d9%84%d8%a7%d8%aa%d8%ad%d8%a7%d8%af-%d8%a8%d8%a7%d9%84%d8%b1%d8%a8-1474594.html
حكومة الدبيبة تسمح للجزائر باستخدام ليبيا لتهديد الوحدة الترابية للمغرب,https://www.hespress.com/%d8%ad%d9%83%d9%88%d9%85%d8%a9-%d8%a7%d9%84%d8%af%d8%a8%d9%8a%d8%a8%d8%a9-%d8%aa%d8%b3%d9%85%d8%ad-%d9%84%d9%84%d8%ac%d8%b2%d8%a7%d8%a6%d8%b1-%d8%a8%d8%a7%d8%b3%d8%aa%d8%ae%d8%af%d8%a7%d9%85-%d9%84-1486627.html
مباحثات ولد الرشيد مع جيرار لارشي,https://www.hespress.com/%d9%85%d8%a8%d8%a7%d8%ad%d8%ab%d8%a7%d8%aa-%d9%88%d9%84%d8%af-%d8%a7%d9%84%d8%b1%d8%b4%d9%8a%d8%af-%d9%85%d8%b9-%d8%ac%d9%8a%d8%b1%d8%a7%d8%b1-%d9%84%d8%a7%d8%b1%d8%b4%d9%8a-1480085.html
التحضير لمناظرة الجهوية المتقدمة يخضع الأهداف الاقتصادية للمساءلة,https://www.hespress.com/%d8%a7%d9%84%d8%aa%d8%ad%d8%b6%d9%8a%d8%b1-%d9%84%d9%85%d9%86%d8%a7%d8%b8%d8%b1%d8%a9-%d8%a7%d9%84%d8%ac%d9%87%d9%88%d9%8a%d8%a9-%d8%a7%d9%84%d9%85%d8%aa%d9%82%d8%af%d9%85%d8%a9-%d9%8a%d8%ae%d8%b6-1482893.html
المراجعة السنوية للوائح الانتخابية تفشل في تحريك الأحزاب لإقناع الشباب,https://www.hespress.com/%d8%a7%d9%84%d9%85%d8%b1%d8%a7%d8%ac%d8%b9%d8%a9-%d8%a7%d9%84%d8%b3%d9%86%d9%88%d9%8a%d8%a9-%d9%84%d9%84%d9%88%d8%a7%d8%a6%d8%ad-%d8%a7%d9%84%d8%a7%d9%86%d8%aa%d8%ae%d8%a7%d8%a8%d9%8a%d8%a9-%d8%aa-1483943.html
"محللون: موقف المغرب من أحداث سوريا ""حكيم"" .. والجزائر تزداد عزلة",https://www.hespress.com/%d9%85%d8%ad%d9%84%d9%84%d9%88%d9%86-%d9%85%d9%88%d9%82%d9%81-%d8%a7%d9%84%d9%85%d8%ba%d8%b1%d8%a8-%d9%85%d9%86-%d8%a3%d8%ad%d8%af%d8%a7%d8%ab-%d8%b3%d9%88%d8%b1%d9%8a%d8%a7-%d8%ad%d9%83%d9%8a-1479488.html
فرق الأغلبية بالبرلمان تساند الحكومة في مشاريع تطوير البنية التحتية بالمملكة,https://www.hespress.com/%d9%81%d8%b1%d9%82-%d8%a7%d9%84%d8%a3%d8%ba%d9%84%d8%a8%d9%8a%d8%a9-%d8%a8%d8%a7%d9%84%d8%a8%d8%b1%d9%84%d9%85%d8%a7%d9%86-%d8%aa%d8%b3%d8%a7%d9%86%d8%af-%d8%a7%d9%84%d8%ad%d9%83%d9%88%d9%85%d8%a9-1482703.html
رابطة تدعم مقعد المغرب بمجلس الأمن,https://www.hespress.com/%d8%b1%d8%a7%d8%a8%d8%b7%d8%a9-%d8%aa%d8%af%d8%b9%d9%85-%d9%85%d9%82%d8%b9%d8%af-%d8%a7%d9%84%d9%85%d8%ba%d8%b1%d8%a8-%d8%a8%d9%85%d8%ac%d9%84%d8%b3-%d8%a7%d9%84%d8%a3%d9%85%d9%86-1482574.html
"""حركيون"" يستبقون المجلس الوطني بالاحتجاج على غياب قيادات ""السنبلة""",https://www.hespress.com/%d8%ad%d8%b1%d9%83%d9%8a%d9%88%d9%86-%d9%8a%d8%b3%d8%aa%d8%a8%d9%82%d9%88%d9%86-%d8%a7%d9%84%d9%85%d8%ac%d9%84%d8%b3-%d8%a7%d9%84%d9%88%d8%b7%d9%86%d9%8a-%d8%a8%d8%a7%d9%84%d8%a7%d8%ad%d8%aa%d8%ac-1476701.html
زامبيا تجدد دعم الوحدة الترابية للمغرب,https://www.hespress.com/%d8%b2%d8%a7%d9%85%d8%a8%d9%8a%d8%a7-%d8%aa%d8%ac%d8%af%d8%af-%d8%af%d8%b9%d9%85-%d8%a7%d9%84%d9%88%d8%ad%d8%af%d8%a9-%d8%a7%d9%84%d8%aa%d8%b1%d8%a7%d8%a8%d9%8a%d8%a9-%d9%84%d9%84%d9%85%d8%ba%d8%b1-1481184.html
بنكيران: المغاربة مسلمون رغم شرب الخمر.. والعلمانية بابٌ لتشريع المثلية,https://www.hespress.com/%d8%a8%d9%86%d9%83%d9%8a%d8%b1%d8%a7%d9%86-%d8%a7%d9%84%d9%85%d8%ba%d8%a7%d8%b1%d8%a8%d8%a9-%d9%85%d8%b3%d9%84%d9%85%d9%88%d9%86-%d8%b1%d8%ba%d9%85-%d8%b4%d8%b1%d8%a8-%d8%a7%d9%84%d8%ae%d9%85%d8%b1-1477300.html
رئيس زامبيا يبعث رسالة إلى الملك,https://www.hespress.com/%d8%b1%d8%a6%d9%8a%d8%b3-%d8%b2%d8%a7%d9%85%d8%a8%d9%8a%d8%a7-%d9%8a%d8%a8%d8%b9%d8%ab-%d8%b1%d8%b3%d8%a7%d9%84%d8%a9-%d8%a5%d9%84%d9%89-%d8%a7%d9%84%d9%85%d9%84%d9%83-1481092.html
تأكيدات الحضور تلغي اجتماعا مغاربيا,https://www.hespress.com/%d8%aa%d8%a3%d9%83%d9%8a%d8%af%d8%a7%d8%aa-%d8%a7%d9%84%d8%ad%d8%b6%d9%88%d8%b1-%d8%aa%d9%84%d8%ba%d9%8a-%d8%a7%d8%ac%d8%aa%d9%85%d8%a7%d8%b9%d8%a7-%d9%85%d8%ba%d8%a7%d8%b1%d8%a8%d9%8a%d8%a7-1484982.html
السطي يفسّر رفض قانون مالية 2025,https://www.hespress.com/%d8%a7%d9%84%d8%b3%d8%b7%d9%8a-%d9%8a%d9%81%d8%b3%d9%91%d8%b1-%d8%b1%d9%81%d8%b6-%d9%82%d8%a7%d9%86%d9%88%d9%86-%d9%85%d8%a7%d9%84%d9%8a%d8%a9-2025-1477521.html
الملك: تجربة المغرب في العدالة الانتقالية تتسم بالشفافية والموضوعية,https://www.hespress.com/%d8%a7%d9%84%d9%85%d9%84%d9%83-%d8%aa%d8%ac%d8%b1%d8%a8%d8%a9-%d8%a7%d9%84%d9%85%d8%ba%d8%b1%d8%a8-%d9%81%d9%8a-%d8%a7%d9%84%d8%b9%d8%af%d8%a7%d9%84%d8%a9-%d8%a7%d9%84%d8%a7%d9%86%d8%aa%d9%82%d8%a7-1476503.html
وهبي يعد بالمزيد من التشدد في حماية حقوق الإنسان أمام الانتهاكات الرقمية,https://www.hespress.com/%d9%88%d9%87%d8%a8%d9%8a-%d9%8a%d8%b9%d8%af-%d8%a8%d8%a7%d9%84%d9%85%d8%b2%d9%8a%d8%af-%d9%85%d9%86-%d8%a7%d9%84%d8%aa%d8%b4%d8%af%d8%af-%d9%81%d9%8a-%d8%ad%d9%85%d8%a7%d9%8a%d8%a9-%d8%ad%d9%82%d9%88-1483914.html
"""البام"": معتزون بالنجاحات الحقوقية",https://www.hespress.com/%d8%a7%d9%84%d8%a8%d8%a7%d9%85-%d9%85%d8%b9%d8%aa%d8%b2%d9%88%d9%86-%d8%a8%d8%a7%d9%84%d9%86%d8%ac%d8%a7%d8%ad%d8%a7%d8%aa-%d8%a7%d9%84%d8%ad%d9%82%d9%88%d9%82%d9%8a%d8%a9-1479801.html
بووانو يستنكر حلول إسرائيليين بالمغرب,https://www.hespress.com/%d8%a8%d9%88%d9%88%d8%a7%d9%86%d9%88-%d9%8a%d8%b3%d8%aa%d9%86%d9%83%d8%b1-%d8%ad%d9%84%d9%88%d9%84-%d8%a5%d8%b3%d8%b1%d8%a7%d8%a6%d9%8a%d9%84%d9%8a%d9%8a%d9%86-%d8%a8%d8%a7%d9%84%d9%85%d8%ba%d8%b1-1486621.html
الملك يبارك عيد بوركينا فاسو الوطني,https://www.hespress.com/%d8%a7%d9%84%d9%85%d9%84%d9%83-%d9%8a%d8%a8%d8%a7%d8%b1%d9%83-%d8%b9%d9%8a%d8%af-%d8%a8%d9%88%d8%b1%d9%83%d9%8a%d9%86%d8%a7-%d9%81%d8%a7%d8%b3%d9%88-%d8%a7%d9%84%d9%88%d8%b7%d9%86%d9%8a-1479679.html
ولد الرشيد يذكّر بجهود المغرب بإفريقيا,https://www.hespress.com/%d9%88%d9%84%d8%af-%d8%a7%d9%84%d8%b1%d8%b4%d9%8a%d8%af-%d9%8a%d8%b0%d9%83%d9%91%d8%b1-%d8%a8%d8%ac%d9%87%d9%88%d8%af-%d8%a7%d9%84%d9%85%d8%ba%d8%b1%d8%a8-%d8%a8%d8%a5%d9%81%d8%b1%d9%8a%d9%82%d9%8a-1483114.html
"""الكتاب"": السكوري رجل سياسي حقيقي",https://www.hespress.com/%d8%a7%d9%84%d9%83%d8%aa%d8%a7%d8%a8-%d8%a7%d9%84%d8%b3%d9%83%d9%88%d8%b1%d9%8a-%d8%b1%d8%ac%d9%84-%d8%b3%d9%8a%d8%a7%d8%b3%d9%8a-%d8%ad%d9%82%d9%8a%d9%82%d9%8a-1475671.html
مركز تفكير إيطالي: المغرب قوة إفريقية صاعدة برؤية ملكية مبتكرة,https://www.hespress.com/%d9%85%d8%b1%d9%83%d8%b2-%d8%aa%d9%81%d9%83%d9%8a%d8%b1-%d8%a5%d9%8a%d8%b7%d8%a7%d9%84%d9%8a-%d8%a7%d9%84%d9%85%d8%ba%d8%b1%d8%a8-%d9%82%d9%88%d8%a9-%d8%a5%d9%81%d8%b1%d9%8a%d9%82%d9%8a%d8%a9-%d8%b5-1476756.html
الملك محمد السادس يعزي الفرنسيين,https://www.hespress.com/%d8%a7%d9%84%d9%85%d9%84%d9%83-%d9%85%d8%ad%d9%85%d8%af-%d8%a7%d9%84%d8%b3%d8%a7%d8%af%d8%b3-%d9%8a%d8%b9%d8%b2%d9%8a-%d8%a7%d9%84%d9%81%d8%b1%d9%86%d8%b3%d9%8a%d9%8a%d9%86-1484121.html
"""التعاون الخليجي"" يؤكد دعم المغرب",https://www.hespress.com/%d8%a7%d9%84%d8%aa%d8%b9%d8%a7%d9%88%d9%86-%d8%a7%d9%84%d8%ae%d9%84%d9%8a%d8%ac%d9%8a-%d9%8a%d8%a4%d9%83%d8%af-%d8%af%d8%b9%d9%85-%d8%a7%d9%84%d9%85%d8%ba%d8%b1%d8%a8-1473959.html
أخنوش يتباحث مع الوزير الأول لساو تومي,https://www.hespress.com/%d8%a3%d8%ae%d9%86%d9%88%d8%b4-%d9%8a%d8%aa%d8%a8%d8%a7%d8%ad%d8%ab-%d9%85%d8%b9-%d8%a7%d9%84%d9%88%d8%b2%d9%8a%d8%b1-%d8%a7%d9%84%d8%a3%d9%88%d9%84-%d9%84%d8%b3%d8%a7%d9%88-%d8%aa%d9%88%d9%85%d9%8a-1472892.html
مذكرة مغربية إيفوارية تكافح الاتجار بالبشر,https://www.hespress.com/%d9%85%d8%b0%d9%83%d8%b1%d8%a9-%d9%85%d8%ba%d8%b1%d8%a8%d9%8a%d8%a9-%d8%a5%d9%8a%d9%81%d9%88%d8%a7%d8%b1%d9%8a%d8%a9-%d8%aa%d9%83%d8%a7%d9%81%d8%ad-%d8%a7%d9%84%d8%a7%d8%aa%d8%ac%d8%a7%d8%b1-%d8%a8-1485014.html
‬أخنوش: تحديث البنيات التحتية التزام سياسي.. وعام 2030 تاريخ مفصلي,https://www.hespress.com/%d8%a3%d8%ae%d9%86%d9%88%d8%b4-%d8%aa%d8%ad%d8%af%d9%8a%d8%ab-%d8%a7%d9%84%d8%a8%d9%86%d9%8a%d8%a7%d8%aa-%d8%a7%d9%84%d8%aa%d8%ad%d8%aa%d9%8a%d8%a9-%d8%a7%d9%84%d8%aa%d8%b2%d8%a7%d9%85-1482793.html
"منظمة: تصريحات غالي ""مغالطات""",https://www.hespress.com/%d9%85%d9%86%d8%b8%d9%85%d8%a9-%d8%aa%d8%b5%d8%b1%d9%8a%d8%ad%d8%a7%d8%aa-%d8%ba%d8%a7%d9%84%d9%8a-%d9%85%d8%ba%d8%a7%d9%84%d8%b7%d8%a7%d8%aa-1485313.html
الداكي: العقوبات البديلة قفزة نوعية,https://www.hespress.com/%d8%a7%d9%84%d8%af%d8%a7%d9%83%d9%8a-%d8%a7%d9%84%d8%b9%d9%82%d9%88%d8%a8%d8%a7%d8%aa-%d8%a7%d9%84%d8%a8%d8%af%d9%8a%d9%84%d8%a9-%d9%82%d9%81%d8%b2%d8%a9-%d9%86%d9%88%d8%b9%d9%8a%d8%a9-1480363.html
مسؤولو الأممية الاشتراكية يدعون إلى التعاون لمكافحة التطرف وانعدام الأمن,https://www.hespress.com/%d9%85%d8%b3%d8%a4%d9%88%d9%84%d9%88-%d8%a7%d9%84%d8%a3%d9%85%d9%85%d9%8a%d8%a9-%d8%a7%d9%84%d8%a7%d8%b4%d8%aa%d8%b1%d8%a7%d9%83%d9%8a%d8%a9-%d9%8a%d8%af%d8%b9%d9%88%d9%86-%d8%a5%d9%84%d9%89-%d8%a7-1485743.html
"""مجلسا النواب والدولة"" في ليبيا يناقشان ببوزنيقة ملفات سياسية وأمنية",https://www.hespress.com/%d9%85%d8%ac%d9%84%d8%b3%d8%a7-%d8%a7%d9%84%d9%86%d9%88%d8%a7%d8%a8-%d9%88%d8%a7%d9%84%d8%af%d9%88%d9%84%d8%a9-%d9%81%d9%8a-%d9%84%d9%8a%d8%a8%d9%8a%d8%a7-%d9%8a%d9%86%d8%a7%d9%82%d8%b4%d8%a7-1483907.html
"تأخر وصول المسطرة الجنائية إلى البرلمان يطلق تساؤلات ""لجنة العدل""",https://www.hespress.com/%d8%aa%d8%a3%d8%ae%d8%b1-%d9%88%d8%b5%d9%88%d9%84-%d8%a7%d9%84%d9%85%d8%b3%d8%b7%d8%b1%d8%a9-%d8%a7%d9%84%d8%ac%d9%86%d8%a7%d8%a6%d9%8a%d8%a9-%d8%a5%d9%84%d9%89-%d8%a7%d9%84%d8%a8%d8%b1%d9%84%d9%85-1479344.html
"بنسعيد ينتقد ""حكومة البيجيدي"" ويتعهد بحماية التراث من السطو الجزائري",https://www.hespress.com/%d8%a8%d9%86%d8%b3%d8%b9%d9%8a%d8%af-%d9%8a%d9%86%d8%aa%d9%82%d8%af-%d8%ad%d9%83%d9%88%d9%85%d8%a9-%d8%a7%d9%84%d8%a8%d9%8a%d8%ac%d9%8a%d8%af%d9%8a-%d9%88%d9%8a%d8%aa%d8%b9%d9%87%d8%af-%d8%a8-1478595.html
"أخنوش يترأس اجتماع ""تنمية الأطلس""",https://www.hespress.com/%d8%a3%d8%ae%d9%86%d9%88%d8%b4-%d9%8a%d8%aa%d8%b1%d8%a3%d8%b3-%d8%a7%d8%ac%d8%aa%d9%85%d8%a7%d8%b9-%d8%aa%d9%86%d9%85%d9%8a%d8%a9-%d8%a7%d9%84%d8%a3%d8%b7%d9%84%d8%b3-1474450.html
المغرب يراجع اللوائح الانتخابية العامة,https://www.hespress.com/%d8%a7%d9%84%d9%85%d8%ba%d8%b1%d8%a8-%d9%8a%d8%b1%d8%a7%d8%ac%d8%b9-%d8%a7%d9%84%d9%84%d9%88%d8%a7%d8%a6%d8%ad-%d8%a7%d9%84%d8%a7%d9%86%d8%aa%d8%ae%d8%a7%d8%a8%d9%8a%d8%a9-%d8%a7%d9%84%d8%b9%d8%a7-1474272.html
الأميرة للا مريم تفتتح البازار الخيري,https://www.hespress.com/%d8%a7%d9%84%d8%a3%d9%85%d9%8a%d8%b1%d8%a9-%d9%84%d9%84%d8%a7-%d9%85%d8%b1%d9%8a%d9%85-%d8%aa%d9%81%d8%aa%d8%aa%d8%ad-%d8%a7%d9%84%d8%a8%d8%a7%d8%b2%d8%a7%d8%b1-%d8%a7%d9%84%d8%ae%d9%8a%d8%b1%d9%8a-1473353.html
"نشطاء أمازيغ ينتقدون ""التساهل"" مع تنظيمات معادية للوحدة الترابية",https://www.hespress.com/%d9%86%d8%b4%d8%b7%d8%a7%d8%a1-%d8%a3%d9%85%d8%a7%d8%b2%d9%8a%d8%ba-%d9%8a%d9%86%d8%aa%d9%82%d8%af%d9%88%d9%86-%d8%a7%d9%84%d8%aa%d8%b3%d8%a7%d9%87%d9%84-%d9%85%d8%b9-%d8%aa%d9%86%d8%b8%d9%8a-1482716.html
زوجة رئيس موريتانيا تتماثل للشفاء بالمغرب,https://www.hespress.com/%d8%b2%d9%88%d8%ac%d8%a9-%d8%b1%d8%a6%d9%8a%d8%b3-%d9%85%d9%88%d8%b1%d9%8a%d8%aa%d8%a7%d9%86%d9%8a%d8%a7-%d8%aa%d8%aa%d9%85%d8%a7%d8%ab%d9%84-%d9%84%d9%84%d8%b4%d9%81%d8%a7%d8%a1-%d8%a8%d8%a7%d9%84-1484943.html
رئيس الإمارات يبارك المونديال للملك,https://www.hespress.com/%d8%b1%d8%a6%d9%8a%d8%b3-%d8%a7%d9%84%d8%a5%d9%85%d8%a7%d8%b1%d8%a7%d8%aa-%d9%8a%d8%a8%d8%a7%d8%b1%d9%83-%d8%a7%d9%84%d9%85%d9%88%d9%86%d8%af%d9%8a%d8%a7%d9%84-%d9%84%d9%84%d9%85%d9%84%d9%83-1480251.html
"""الاتحاديات"" يشدن ببلاغ الديوان الملكي",https://www.hespress.com/%d8%a7%d9%84%d8%a7%d8%aa%d8%ad%d8%a7%d8%af%d9%8a%d8%a7%d8%aa-%d9%8a%d8%b4%d8%af%d9%86-%d8%a8%d8%a8%d9%84%d8%a7%d8%ba-%d8%a7%d9%84%d8%af%d9%8a%d9%88%d8%a7%d9%86-%d8%a7%d9%84%d9%85%d9%84%d9%83%d9%8a-1486951.html
تقرير: دعم فرنسا وإسبانيا للمغرب يعزل الجزائر.. وضبط النفس يمنع الحرب,https://www.hespress.com/%d8%aa%d9%82%d8%b1%d9%8a%d8%b1-%d8%af%d8%b9%d9%85-%d9%81%d8%b1%d9%86%d8%b3%d8%a7-%d9%88%d8%a5%d8%b3%d8%a8%d8%a7%d9%86%d9%8a%d8%a7-%d9%84%d9%84%d9%85%d8%ba%d8%b1%d8%a8-%d9%8a%d8%b9%d8%b2%d9%84-%d8%a7-1472983.html
لقاء العلمي ورئيسة الجمعية الفرنسية,https://www.hespress.com/%d9%85%d8%a8%d8%a7%d8%ad%d8%ab%d8%a7%d8%aa-%d8%a7%d9%84%d8%b9%d9%84%d9%85%d9%8a-%d9%88%d8%b1%d8%a6%d9%8a%d8%b3%d8%a9-%d8%a7%d9%84%d8%ac%d9%85%d8%b9%d9%8a%d8%a9-%d8%a7%d9%84%d9%81%d8%b1%d9%86%d8%b3-1480043.html
وهبي: الفيسبوك أخطر تهديد للقضاء .. والقانون الجنائي يحمل عقوبات رادعة,https://www.hespress.com/%d9%88%d9%87%d8%a8%d9%8a-%d8%a7%d9%84%d9%81%d9%8a%d8%b3%d8%a8%d9%88%d9%83-%d8%a3%d8%ae%d8%b7%d8%b1-%d8%aa%d9%87%d8%af%d9%8a%d8%af-%d9%84%d9%84%d9%82%d8%b6%d8%a7%d8%a1-%d9%88%d8%a7%d9%84%d9%82-1474416.html
"لقجع: كلفة الفساد تتطلب التدقيق.. وإعفاء المتقاعدين من الضريبة ""تاريخي""",https://www.hespress.com/%d9%84%d9%82%d8%ac%d8%b9-%d9%83%d9%84%d9%81%d8%a9-%d8%a7%d9%84%d9%81%d8%b3%d8%a7%d8%af-%d8%aa%d8%aa%d8%b7%d9%84%d8%a8-%d8%a7%d9%84%d8%aa%d8%af%d9%82%d9%8a%d9%82-%d9%88%d8%a5%d8%b9%d9%81%d8%a7%d8%a1-1475769.html
"وهبي: العقوبات البديلة في غشت.. ويمكن لضحايا ""السوشيل ميديا"" طلب التعويض",https://www.hespress.com/%d9%88%d9%87%d8%a8%d9%8a-%d8%a7%d9%84%d8%b9%d9%82%d9%88%d8%a8%d8%a7%d8%aa-%d8%a7%d9%84%d8%a8%d8%af%d9%8a%d9%84%d8%a9-%d9%81%d9%8a-%d8%ba%d8%b4%d8%aa-%d9%88%d9%8a%d9%85%d9%83%d9%86-%d9%84%d8%b6-1479283.html
أمريكا: المغرب يحد من خطر الإرهاب,https://www.hespress.com/%d8%a3%d9%85%d8%b1%d9%8a%d9%83%d8%a7-%d8%a7%d9%84%d9%85%d8%ba%d8%b1%d8%a8-%d9%8a%d8%ad%d8%af-%d9%85%d9%86-%d8%ae%d8%b7%d8%b1-%d8%a7%d9%84%d8%a5%d8%b1%d9%87%d8%a7%d8%a8-1480933.html
باحثون يرصدون تحديات تقنين استخدامات الذكاء الاصطناعي بالمغرب,https://www.hespress.com/%d8%a8%d8%a7%d8%ad%d8%ab%d9%88%d9%86-%d9%8a%d8%b1%d8%b5%d8%af%d9%88%d9%86-%d8%aa%d8%ad%d8%af%d9%8a%d8%a7%d8%aa-%d8%aa%d9%82%d9%86%d9%8a%d9%86-%d8%a7%d8%b3%d8%aa%d8%ae%d8%af%d8%a7%d9%85%d8%a7%d8%aa-1471241.html
"مصدر رسمي مغربي يستعرض موجبات تسليم ""مواطن إسرائيلي""",https://www.hespress.com/%d9%85%d8%b5%d8%af%d8%b1-%d8%b1%d8%b3%d9%85%d9%8a-%d9%85%d8%ba%d8%b1%d8%a8%d9%8a-%d9%8a%d8%b3%d8%aa%d8%b9%d8%b1%d8%b6-%d9%85%d9%88%d8%ac%d8%a8%d8%a7%d8%aa-%d8%aa%d8%b3%d9%84%d9%8a%d9%85-%d9%85%d9%88-1484149.html
المغرب يعتزم التصويت على قرار الأمم المتحدة بشأن وقف تنفيذ الإعدام,https://www.hespress.com/%d9%88%d8%b2%d9%8a%d8%b1-%d8%a7%d9%84%d8%b9%d8%af%d9%84-%d9%8a%d8%b9%d9%84%d9%86-%d8%af%d8%b9%d9%85-%d8%a7%d9%84%d9%85%d8%ba%d8%b1%d8%a8-%d9%82%d8%b1%d8%a7%d8%b1-%d8%a7%d9%84%d8%a3%d9%85%d9%85-%d8%a7-1478662.html
"""حزب الأحرار"" ينوه بقانون المالية",https://www.hespress.com/%d8%ad%d8%b2%d8%a8-%d8%a7%d9%84%d8%a3%d8%ad%d8%b1%d8%a7%d8%b1-%d9%8a%d9%86%d9%88%d9%87-%d8%a8%d9%82%d8%a7%d9%86%d9%88%d9%86-%d8%a7%d9%84%d9%85%d8%a7%d9%84%d9%8a%d8%a9-1479084.html
"""التقدم والاشتراكية"" يحذر الحكومة من ""الغلاء الفاحش"" وتزايد البطالة",https://www.hespress.com/%d8%a7%d9%84%d8%aa%d9%82%d8%af%d9%85-%d9%88%d8%a7%d9%84%d8%a7%d8%b4%d8%aa%d8%b1%d8%a7%d9%83%d9%8a%d8%a9-%d9%8a%d8%ad%d8%b0%d8%b1-%d8%a7%d9%84%d8%ad%d9%83%d9%88%d9%85%d8%a9-%d9%85%d9%86-%d8%a7-1485989.html
بنعبد الله: نظام الجزائر يحلق في عالم الأوهام ويعادي كل ما هو مغربي,https://www.hespress.com/%d8%a8%d9%86%d8%b9%d8%a8%d8%af-%d8%a7%d9%84%d9%84%d9%87-%d9%86%d8%b8%d8%a7%d9%85-%d8%a7%d9%84%d8%ac%d8%b2%d8%a7%d8%a6%d8%b1-%d9%8a%d8%ad%d9%84%d9%82-%d9%81%d9%8a-%d8%b9%d8%a7%d9%84%d9%85-%d8%a7%d9%84-1485916.html
زيارة الرئيس الموريتاني الغزواني للمغرب.. مبادرات الملك وحسن الجوار,https://www.hespress.com/%d8%b2%d9%8a%d8%a7%d8%b1%d8%a9-%d8%a7%d9%84%d8%b1%d8%a6%d9%8a%d8%b3-%d8%a7%d9%84%d9%85%d9%88%d8%b1%d9%8a%d8%aa%d8%a7%d9%86%d9%8a-%d8%a7%d9%84%d8%ba%d8%b2%d9%88%d8%a7%d9%86%d9%8a-%d9%84%d9%84%d9%85-1485759.html
خبراء يستعرضون سياقات ترشيح المغرب للعضوية الدائمة في مجلس الأمن,https://www.hespress.com/%d8%ae%d8%a8%d8%b1%d8%a7%d8%a1-%d9%8a%d8%b3%d8%aa%d8%b9%d8%b1%d8%b6%d9%88%d9%86-%d8%b3%d9%8a%d8%a7%d9%82%d8%a7%d8%aa-%d8%aa%d8%b1%d8%b4%d9%8a%d8%ad-%d8%a7%d9%84%d9%85%d8%ba%d8%b1%d8%a8-%d9%84%d9%84-1482351.html
"الجزائر تتهم باريس بـ""مخططات عدائية""",https://www.hespress.com/%d8%a7%d9%84%d8%ac%d8%b2%d8%a7%d8%a6%d8%b1-%d8%aa%d8%aa%d9%87%d9%85-%d8%a8%d8%a7%d8%b1%d9%8a%d8%b3-%d8%a8%d9%80%d9%85%d8%ae%d8%b7%d8%b7%d8%a7%d8%aa-%d8%b9%d8%af%d8%a7%d8%a6%d9%8a%d8%a9-1482353.html
بايتاس يستعرض رقمنة المجتمع المدني,https://www.hespress.com/%d8%a8%d8%a7%d9%8a%d8%aa%d8%a7%d8%b3-%d9%8a%d8%b3%d8%aa%d8%b9%d8%b1%d8%b6-%d8%b1%d9%82%d9%85%d9%86%d8%a9-%d8%a7%d9%84%d9%85%d8%ac%d8%aa%d9%85%d8%b9-%d8%a7%d9%84%d9%85%d8%af%d9%86%d9%8a-1486800.html
هل يساهم التقارب الدبلوماسي بين المغرب وموريتانيا في حل نزاع الصحراء؟,https://www.hespress.com/%d9%87%d9%84-%d9%8a%d8%b3%d8%a7%d9%87%d9%85-%d8%a7%d9%84%d8%aa%d9%82%d8%a7%d8%b1%d8%a8-%d8%a7%d9%84%d8%af%d8%a8%d9%84%d9%88%d9%85%d8%a7%d8%b3%d9%8a-%d8%a8%d9%8a%d9%86-%d8%a7%d9%84%d9%85%d8%ba%d8%b1-1486792.html
تقرير: مشروع قانون المسطرة المدنية الأكثر تعديلاً في مجلس النواب,https://www.hespress.com/%d8%aa%d9%82%d8%b1%d9%8a%d8%b1-%d9%85%d8%b4%d8%b1%d9%88%d8%b9-%d9%82%d8%a7%d9%86%d9%88%d9%86-%d8%a7%d9%84%d9%85%d8%b3%d8%b7%d8%b1%d8%a9-%d8%a7%d9%84%d9%85%d8%af%d9%86%d9%8a%d8%a9-%d8%a7%d9%84%d8%a3-1486718.html
"ثباتيرو: انسجام وإعادة بناء ""اليسار المغربي"" يقويان الفضاء المتوسطي",https://www.hespress.com/%d8%ab%d8%a8%d8%a7%d8%aa%d9%8a%d8%b1%d9%88-%d8%a7%d9%86%d8%b3%d8%ac%d8%a7%d9%85-%d9%88%d8%a5%d8%b9%d8%a7%d8%af%d8%a9-%d8%a8%d9%86%d8%a7%d8%a1-%d8%a7%d9%84%d9%8a%d8%b3%d8%a7%d8%b1-%d8%a7%d9%84%d9%85-1475381.html
الداخلية تتدارس ملف حزب سياسي جديد,https://www.hespress.com/%d8%a7%d9%84%d8%af%d8%a7%d8%ae%d9%84%d9%8a%d8%a9-%d8%aa%d8%aa%d8%af%d8%a7%d8%b1%d8%b3-%d9%85%d9%84%d9%81-%d8%ad%d8%b2%d8%a8-%d8%b3%d9%8a%d8%a7%d8%b3%d9%8a-%d8%ac%d8%af%d9%8a%d8%af-1484314.html
"""الكتاب"" يثمن دعم قرار وقف الإعدام",https://www.hespress.com/%d8%a7%d9%84%d9%83%d8%aa%d8%a7%d8%a8-%d9%8a%d8%ab%d9%85%d9%86-%d8%af%d8%b9%d9%85-%d9%82%d8%b1%d8%a7%d8%b1-%d9%88%d9%82%d9%81-%d8%a7%d9%84%d8%a5%d8%b9%d8%af%d8%a7%d9%85-1483753.html
"قيادات ""بيجيدي"" تتكتم على هوية منافسي بنكيران قبل المؤتمر الوطني",https://www.hespress.com/%d9%82%d9%8a%d8%a7%d8%af%d8%a7%d8%aa-%d8%a8%d9%8a%d8%ac%d9%8a%d8%af%d9%8a-%d8%aa%d8%aa%d9%83%d8%aa%d9%85-%d8%b9%d9%84%d9%89-%d9%87%d9%88%d9%8a%d8%a9-%d9%85%d9%86%d8%a7%d9%81%d8%b3%d9%8a-%d8%a8-1482695.html
بنسعيد: الدبلوماسية الثقافية أساسية,https://www.hespress.com/%d8%a8%d9%86%d8%b3%d8%b9%d9%8a%d8%af-%d8%a7%d9%84%d8%af%d8%a8%d9%84%d9%88%d9%85%d8%a7%d8%b3%d9%8a%d8%a9-%d8%a7%d9%84%d8%ab%d9%82%d8%a7%d9%81%d9%8a%d8%a9-%d8%a3%d8%b3%d8%a7%d8%b3%d9%8a%d8%a9-1480923.html
الرئيسة السلوفينية تستقبل العلمي,https://www.hespress.com/%d8%b1%d8%a6%d9%8a%d8%b3%d8%a9-%d8%b3%d9%84%d9%88%d9%81%d9%8a%d9%86%d9%8a%d8%a7-%d8%aa%d8%b3%d8%aa%d9%82%d8%a8%d9%84-%d8%a7%d9%84%d8%b7%d8%a7%d9%84%d8%a8%d9%8a-%d8%a7%d9%84%d8%b9%d9%84%d9%85%d9%8a-1478883.html
"جنوب إفريقيا تجدد دعم ""البوليساريو"" من الجزائر.. تحالف ثلاثي لمعاداة المغرب",https://www.hespress.com/%d8%ac%d9%86%d9%88%d8%a8-%d8%a5%d9%81%d8%b1%d9%8a%d9%82%d9%8a%d8%a7-%d8%aa%d8%ac%d8%af%d8%af-%d8%af%d8%b9%d9%85-%d8%a7%d9%84%d8%a8%d9%88%d9%84%d9%8a%d8%b3%d8%a7%d8%b1%d9%8a%d9%88-%d9%85%d9%86-1476920.html
الملك يثمن الصداقة والتعاون مع لاووس,https://www.hespress.com/%d8%a7%d9%84%d9%85%d9%84%d9%83-%d9%8a%d8%ab%d9%85%d9%86-%d8%a7%d9%84%d8%b5%d8%af%d8%a7%d9%82%d8%a9-%d9%88%d8%a7%d9%84%d8%aa%d8%b9%d8%a7%d9%88%d9%86-%d9%85%d8%b9-%d9%84%d8%a7%d9%88%d9%88%d8%b3-1474280.html
مستشار بوش: بايدن ذكي باتباع نهج ترامب بشأن الصحراء المغربية,https://www.hespress.com/%d9%85%d8%b3%d8%aa%d8%b4%d8%a7%d8%b1-%d8%a8%d9%88%d8%b4-%d8%a8%d8%a7%d9%8a%d8%af%d9%86-%d8%b0%d9%83%d9%8a-%d8%a8%d8%a7%d8%aa%d8%a8%d8%a7%d8%b9-%d9%86%d9%87%d8%ac-%d8%aa%d8%b1%d8%a7%d9%85%d8%a8-%d8%a8-1487815.html
زيارة الأمين العام المغاربي إلى ليبيا .. خطوة تواجه المخططات الجزائرية,https://www.hespress.com/%d8%b2%d9%8a%d8%a7%d8%b1%d8%a9-%d8%a7%d9%84%d8%a3%d9%85%d9%8a%d9%86-%d8%a7%d9%84%d8%b9%d8%a7%d9%85-%d8%a7%d9%84%d9%85%d8%ba%d8%a7%d8%b1%d8%a8%d9%8a-%d8%a5%d9%84%d9%89-%d9%84%d9%8a%d8%a8%d9%8a%d8%a7-1483265.html
خارطة طريق جديدة لمركز مغربي,https://www.hespress.com/%d8%ae%d8%a7%d8%b1%d8%b7%d8%a9-%d8%b7%d8%b1%d9%8a%d9%82-%d8%ac%d8%af%d9%8a%d8%af%d8%a9-%d9%84%d9%85%d8%b1%d9%83%d8%b2-%d9%85%d8%ba%d8%b1%d8%a8%d9%8a-1487497.html
"مسؤولون مغاربة يُرسخون التزام ""المبادرة الأطلسية"" بتحقيق تعاون فاعل",https://www.hespress.com/%d9%85%d8%b3%d8%a4%d9%88%d9%84%d9%88%d9%86-%d9%85%d8%ba%d8%a7%d8%b1%d8%a8%d8%a9-%d9%8a%d9%8f%d8%b1%d8%b3%d8%ae%d9%88%d9%86-%d8%a7%d9%84%d8%aa%d8%b2%d8%a7%d9%85-%d8%a7%d9%84%d9%85%d8%a8%d8%a7%d8%af-1480653.html
"""الاتحاد المغربي للشغل"" ينادي بتحسين أوضاع موظفي الجماعات الترابية",https://www.hespress.com/%d8%a7%d9%84%d8%a7%d8%aa%d8%ad%d8%a7%d8%af-%d8%a7%d9%84%d9%85%d8%ba%d8%b1%d8%a8%d9%8a-%d9%84%d9%84%d8%b4%d8%ba%d9%84-%d9%8a%d9%86%d8%a7%d8%af%d9%8a-%d8%a8%d8%aa%d8%ad%d8%b3%d9%8a%d9%86-%d8%a3-1479884.html
ترامب يعزز فرص المغرب في تمثيل إفريقيا داخل مجلس الأمن الدولي,https://www.hespress.com/%d8%aa%d8%b1%d8%a7%d9%85%d8%a8-%d9%8a%d8%b9%d8%b2%d8%b2-%d9%81%d8%b1%d8%b5-%d8%a7%d9%84%d9%85%d8%ba%d8%b1%d8%a8-%d9%81%d9%8a-%d8%aa%d9%85%d8%ab%d9%8a%d9%84-%d8%a5%d9%81%d8%b1%d9%8a%d9%82%d9%8a%d8%a7-1477712.html
"مذكرتا اعتقال نتنياهو وغالانت.. الجامعي يدعو المغرب إلى إقرار ""نظام روما""",https://www.hespress.com/%d9%85%d8%b0%d9%83%d8%b1%d8%aa%d8%a7-%d8%a7%d8%b9%d8%aa%d9%82%d8%a7%d9%84-%d9%86%d8%aa%d9%86%d9%8a%d8%a7%d9%87%d9%88-%d9%88%d8%ba%d8%a7%d9%84%d8%a7%d9%86%d8%aa-%d8%a7%d9%84%d8%ac%d8%a7%d9%85%d8%b9-1474578.html
مفتي فلسطين يشيد بمساندة المغرب,https://www.hespress.com/%d9%85%d9%81%d8%aa%d9%8a-%d9%81%d9%84%d8%b3%d8%b7%d9%8a%d9%86-%d9%8a%d8%b4%d9%8a%d8%af-%d8%a8%d8%a7%d9%84%d9%85%d8%b3%d8%a7%d9%86%d8%af%d8%a9-%d8%a7%d9%84%d9%85%d8%ba%d8%b1%d8%a8%d9%8a%d8%a9-1486205.html
المغرب يشيد بالشراكة مع البرازيل,https://www.hespress.com/%d8%a7%d9%84%d9%85%d8%ba%d8%b1%d8%a8-%d9%8a%d8%b4%d9%8a%d8%af-%d8%a8%d8%a7%d9%84%d8%b4%d8%b1%d8%a7%d9%83%d8%a9-%d9%85%d8%b9-%d8%a7%d9%84%d8%a8%d8%b1%d8%a7%d8%b2%d9%8a%d9%84-1485955.html
خبراء: القوانين المهمة تحتاج حضور جميع البرلمانيين في جلسات التصويت,https://www.hespress.com/%d8%ae%d8%a8%d8%b1%d8%a7%d8%a1-%d8%a7%d9%84%d9%82%d9%88%d8%a7%d9%86%d9%8a%d9%86-%d8%a7%d9%84%d9%85%d9%87%d9%85%d8%a9-%d8%aa%d8%ad%d8%aa%d8%a7%d8%ac-%d8%ad%d8%b6%d9%88%d8%b1-%d8%ac%d9%85%d9%8a%d8%b9-1488133.html
لماذا يرفض القضاء الدستوري استماع النواب لممثلي القطاع الخصوصي؟,https://www.hespress.com/%d9%84%d9%85%d8%a7%d8%b0%d8%a7-%d9%8a%d8%b1%d9%81%d8%b6-%d8%a7%d9%84%d9%82%d8%b6%d8%a7%d8%a1-%d8%a7%d9%84%d8%af%d8%b3%d8%aa%d9%88%d8%b1%d9%8a-%d8%a7%d8%b3%d8%aa%d9%85%d8%a7%d8%b9-%d8%a7%d9%84%d9%86-1470960.html
الشيلي تشيد بمبادرة الحكم الذاتي في الصحراء.. بوريطة: موقف سياسي بناء,https://www.hespress.com/%d8%a7%d9%84%d8%b4%d9%8a%d9%84%d9%8a-%d8%aa%d8%b4%d9%8a%d8%af-%d8%a8%d9%85%d8%a8%d8%a7%d8%af%d8%b1%d8%a9-%d8%a7%d9%84%d8%ad%d9%83%d9%85-%d8%a7%d9%84%d8%b0%d8%a7%d8%aa%d9%8a-%d9%81%d9%8a-%d8%a7%d9%84-1483825.html
الإفراج عن 4 فرنسيين.. الملك محمد السادس يعزز نجاحات الدبلوماسية المغربية,https://www.hespress.com/%d8%a7%d9%84%d8%a5%d9%81%d8%b1%d8%a7%d8%ac-%d8%b9%d9%86-4-%d9%81%d8%b1%d9%86%d8%b3%d9%8a%d9%8a%d9%86-%d8%a7%d9%84%d9%85%d9%84%d9%83-%d9%85%d8%ad%d9%85%d8%af-%d8%a7%d9%84%d8%b3%d8%a7%d8%af%d8%b3-1484500.html
جماعة العدل والإحسان تنادي بالدعم الإسلامي والتوافق السياسي في سوريا,https://www.hespress.com/%d8%ac%d9%85%d8%a7%d8%b9%d8%a9-%d8%a7%d9%84%d8%b9%d8%af%d9%84-%d9%88%d8%a7%d9%84%d8%a5%d8%ad%d8%b3%d8%a7%d9%86-%d8%aa%d9%86%d8%a7%d8%af%d9%8a-%d8%a8%d8%a7%d9%84%d8%af%d8%b9%d9%85-%d8%a7%d9%84%d8%a5-1479122.html
"وزيرة خارجية بنما السابقة: تعليق الاعتراف بـ""البوليساريو"" يعزز التعاون مع المغرب",https://www.hespress.com/%d9%88%d8%b2%d9%8a%d8%b1%d8%a9-%d8%ae%d8%a7%d8%b1%d8%ac%d9%8a%d8%a9-%d8%a8%d9%86%d9%85%d8%a7-%d8%a7%d9%84%d8%b3%d8%a7%d8%a8%d9%82%d8%a9-%d8%aa%d8%b9%d9%84%d9%8a%d9%82-%d8%a7%d9%84%d8%a7%d8%b9%d8%aa-1481236.html
"الحكومة تقوي ""السياسة المساهماتية""",https://www.hespress.com/%d8%a7%d9%84%d8%ad%d9%83%d9%88%d9%85%d8%a9-%d8%aa%d9%82%d9%88%d9%8a-%d8%a7%d9%84%d8%b3%d9%8a%d8%a7%d8%b3%d8%a9-%d8%a7%d9%84%d9%85%d8%b3%d8%a7%d9%87%d9%85%d8%a7%d8%aa%d9%8a%d8%a9-1480348.html
فرق المعارضة بمجلس النواب تفسّر رفض مشروع قانون المالية لسنة 2025,https://www.hespress.com/%d9%81%d8%b1%d9%82-%d8%a7%d9%84%d9%85%d8%b9%d8%a7%d8%b1%d8%b6%d8%a9-%d8%a8%d9%85%d8%ac%d9%84%d8%b3-%d8%a7%d9%84%d9%86%d9%88%d8%a7%d8%a8-%d8%aa%d9%81%d8%b3%d9%91%d8%b1-%d8%b1%d9%81%d8%b6-%d9%85%d8%b4-1477304.html
خبراء يناقشون دور الدبلوماسية الجامعية في الترافع عن الصحراء المغربية‎,https://www.hespress.com/%d8%ae%d8%a8%d8%b1%d8%a7%d8%a1-%d9%8a%d9%86%d8%a7%d9%82%d8%b4%d9%88%d9%86-%d8%af%d9%88%d8%b1-%d8%a7%d9%84%d8%af%d8%a8%d9%84%d9%88%d9%85%d8%a7%d8%b3%d9%8a%d8%a9-%d8%a7%d9%84%d8%ac%d8%a7%d9%85%d8%b9-1482313.html
الملك يشيد بالعلاقات مع إفريقيا الوسطى,https://www.hespress.com/%d8%a7%d9%84%d9%85%d9%84%d9%83-%d9%8a%d8%b4%d9%8a%d8%af-%d8%a8%d8%a7%d9%84%d8%b9%d9%84%d8%a7%d9%82%d8%a7%d8%aa-%d9%85%d8%b9-%d8%a5%d9%81%d8%b1%d9%8a%d9%82%d9%8a%d8%a7-%d8%a7%d9%84%d9%88%d8%b3%d8%b7-1473824.html
"العراق يجدد دعم مغربية الصحراء .. وبوريطة: ""قمة بغداد"" مرحلة مهمة",https://www.hespress.com/%d8%a7%d9%84%d8%b9%d8%b1%d8%a7%d9%82-%d9%8a%d8%ac%d8%af%d8%af-%d8%af%d8%b9%d9%85-%d9%85%d8%ba%d8%b1%d8%a8%d9%8a%d8%a9-%d8%a7%d9%84%d8%b5%d8%ad%d8%b1%d8%a7%d8%a1-%d9%88%d8%a8%d9%88%d8%b1%d9%8a%d8%b7-1486632.html
أمريكا والصين.. المغرب يوازن بين الحلفاء الغربيين والشركاء الآسيويين,https://www.hespress.com/%d8%a3%d9%85%d8%b1%d9%8a%d9%83%d8%a7-%d9%88%d8%a7%d9%84%d8%b5%d9%8a%d9%86-%d8%a7%d9%84%d9%85%d8%ba%d8%b1%d8%a8-%d9%8a%d9%88%d8%a7%d8%b2%d9%86-%d8%a8%d9%8a%d9%86-%d8%a7%d9%84%d8%ad%d9%84%d9%81%d8%a7-1475142.html
"""النواب"" يقر قانون الإضراب.. والحكومة تبحث تعويض النقابات اقتطاعات الأجور",https://www.hespress.com/%d8%a7%d9%84%d9%86%d9%88%d8%a7%d8%a8-%d9%8a%d9%82%d8%b1-%d9%82%d8%a7%d9%86%d9%88%d9%86-%d8%a7%d9%84%d8%a5%d8%b6%d8%b1%d8%a7%d8%a8-%d9%88%d8%a7%d9%84%d8%ad%d9%83%d9%88%d9%85%d8%a9-%d8%aa%d8%a8-1487442.html
المغرب يأمل تحقق الاستقرار بسوريا,https://www.hespress.com/%d8%a7%d9%84%d9%85%d8%ba%d8%b1%d8%a8-%d9%8a%d8%a3%d9%85%d9%84-%d8%aa%d8%ad%d9%82%d9%82-%d8%a7%d9%84%d8%a7%d8%b3%d8%aa%d9%82%d8%b1%d8%a7%d8%b1-%d9%81%d9%8a-%d8%b3%d9%88%d8%b1%d9%8a%d8%a7-1478767.html
إطلاق سراح أربعة فرنسيين محتجزين في بوركينافاسو إثر وساطة الملك,https://www.hespress.com/%d8%a5%d8%b7%d9%84%d8%a7%d9%82-%d8%b3%d8%b1%d8%a7%d8%ad-%d8%a3%d8%b1%d8%a8%d8%b9%d8%a9-%d9%81%d8%b1%d9%86%d8%b3%d9%8a%d9%8a%d9%86-%d9%85%d8%ad%d8%aa%d8%ac%d8%b2%d9%8a%d9%86-%d9%81%d9%8a-%d8%a8%d9%88-1484230.html
المغرب يؤكد دعم وقف إطلاق النار بلبنان,https://www.hespress.com/%d8%a7%d9%84%d9%85%d8%ba%d8%b1%d8%a8-%d9%8a%d8%a4%d9%83%d8%af-%d8%af%d8%b9%d9%85-%d9%88%d9%82%d9%81-%d8%a5%d8%b7%d9%84%d8%a7%d9%82-%d8%a7%d9%84%d9%86%d8%a7%d8%b1-%d8%a8%d9%84%d8%a8%d9%86%d8%a7%d9%86-1474943.html
"المغرب وإسبانيا يواجهان تطور أساليب تهريب المخدرات عبر ""الدرونات""",https://www.hespress.com/%d8%a7%d9%84%d9%85%d8%ba%d8%b1%d8%a8-%d9%88%d8%a5%d8%b3%d8%a8%d8%a7%d9%86%d9%8a%d8%a7-%d9%8a%d9%88%d8%a7%d8%ac%d9%87%d8%a7%d9%86-%d8%a3%d8%b3%d8%a7%d9%84%d9%8a%d8%a8-%d8%aa%d9%87%d8%b1%d9%8a%d8%a8-1472716.html
التوفيق يكشف رأي المجلس العلمي الأعلى في تعديلات مدونة الأسرة,https://www.hespress.com/%d8%a7%d9%84%d8%aa%d9%88%d9%81%d9%8a%d9%82-%d9%8a%d9%83%d8%b4%d9%81-%d8%b1%d8%a3%d9%8a-%d8%a7%d9%84%d9%85%d8%ac%d9%84%d8%b3-%d8%a7%d9%84%d8%b9%d9%84%d9%85%d9%8a-%d8%a7%d9%84%d8%a3%d8%b9%d9%84%d9%89-1486859.html
قيس سعيد يفتح الجامعات التونسية للترويج للانفصال في الصحراء المغربية,https://www.hespress.com/%d9%82%d9%8a%d8%b3-%d8%b3%d8%b9%d9%8a%d8%af-%d9%8a%d9%81%d8%aa%d8%ad-%d8%a7%d9%84%d8%ac%d8%a7%d9%85%d8%b9%d8%a7%d8%aa-%d8%a7%d9%84%d8%aa%d9%88%d9%86%d8%b3%d9%8a%d8%a9-%d9%84%d9%84%d8%aa%d8%b1%d9%88-1472783.html
قرار أممي حول الصحراء يعزز مواقف المغرب ويضعف الأطروحات الانفصالية,https://www.hespress.com/%d9%82%d8%b1%d8%a7%d8%b1-%d8%a3%d9%85%d9%85%d9%8a-%d8%ad%d9%88%d9%84-%d8%a7%d9%84%d8%b5%d8%ad%d8%b1%d8%a7%d8%a1-%d9%8a%d8%b9%d8%b2%d8%b2-%d9%85%d9%88%d8%a7%d9%82%d9%81-%d8%a7%d9%84%d9%85%d8%ba%d8%b1-1476525.html
المغاربة ضحايا التهجير يدينون الجزائر,https://www.hespress.com/%d8%a7%d9%84%d9%85%d8%ba%d8%a7%d8%b1%d8%a8%d8%a9-%d8%b6%d8%ad%d8%a7%d9%8a%d8%a7-%d8%a7%d9%84%d8%aa%d9%87%d8%ac%d9%8a%d8%b1-%d9%8a%d8%af%d9%8a%d9%86%d9%88%d9%86-%d8%a7%d9%84%d8%ac%d8%b2%d8%a7%d8%a6-1475038.html
"هلال: ""المغرب مؤهل لتمثيل إفريقيا""",https://www.hespress.com/%d9%87%d9%84%d8%a7%d9%84-%d8%a7%d9%84%d9%85%d8%ba%d8%b1%d8%a8-%d9%85%d8%a4%d9%87%d9%84-%d8%a3%d9%83%d8%ab%d8%b1-%d9%84%d8%aa%d9%85%d8%ab%d9%8a%d9%84-%d8%a5%d9%81%d8%b1%d9%8a%d9%82%d9%8a%d8%a7-1481549.html
فرق الأغلبية والمعارضة تثمّن إسقاط العقوبات الحبسية من قانون الإضراب,https://www.hespress.com/%d9%81%d8%b1%d9%82-%d8%a7%d9%84%d8%a3%d8%ba%d9%84%d8%a8%d9%8a%d8%a9-%d9%88%d8%a7%d9%84%d9%85%d8%b9%d8%a7%d8%b1%d8%b6%d8%a9-%d8%aa%d8%ab%d9%85%d9%91%d9%86-%d8%a5%d8%b3%d9%82%d8%a7%d8%b7-%d8%a7%d9%84-1476495.html
"""الكتاب"" يُثمّن مراجعة مدونة الأسرة",https://www.hespress.com/%d8%a7%d9%84%d9%83%d8%aa%d8%a7%d8%a8-%d9%8a%d9%8f%d8%ab%d9%85%d9%91%d9%86-%d9%85%d8%b1%d8%a7%d8%ac%d8%b9%d8%a9-%d9%85%d8%af%d9%88%d9%86%d8%a9-%d8%a7%d9%84%d8%a3%d8%b3%d8%b1%d8%a9-1487425.html
"""التكتل الديمقراطي"" مع أوزين رسميا",https://www.hespress.com/%d8%a7%d9%84%d8%aa%d9%83%d8%aa%d9%84-%d8%a7%d9%84%d8%af%d9%8a%d9%85%d9%82%d8%b1%d8%a7%d8%b7%d9%8a-%d9%85%d8%b9-%d8%a3%d9%88%d8%b2%d9%8a%d9%86-%d8%b1%d8%b3%d9%85%d9%8a%d8%a7-1485648.html
"السويني يُشَرح العقل الرسمي المغربي واستراتيجية ""اللعب مع الكبار""",https://www.hespress.com/%d8%a7%d9%84%d8%b3%d9%88%d9%8a%d9%86%d9%8a-%d9%8a%d9%82%d8%a7%d8%b1%d8%a8-%d8%a7%d9%84%d8%b9%d9%82%d9%84-%d8%a7%d9%84%d8%b1%d8%b3%d9%85%d9%8a-%d8%a7%d9%84%d9%85%d8%ba%d8%b1%d8%a8%d9%8a-%d9%88%d8%a7-1478835.html
"""الحوارات الأطلسية"" تنطلق بنقاشات حول ""عالم مُجَزّأ ومتعدد الأقطاب""",https://www.hespress.com/%d8%a7%d9%84%d8%ad%d9%88%d8%a7%d8%b1%d8%a7%d8%aa-%d8%a7%d9%84%d8%a3%d8%b7%d9%84%d8%b3%d9%8a%d8%a9-%d8%aa%d9%86%d8%b7%d9%84%d9%82-%d8%a8%d9%86%d9%82%d8%a7%d8%b4%d8%a7%d8%aa-%d8%ad%d9%88%d9%84-1480553.html
تقرير: المغرب يتقوى أمام الجزائر,https://www.hespress.com/%d8%aa%d9%82%d8%b1%d9%8a%d8%b1-%d8%a7%d9%84%d9%85%d8%ba%d8%b1%d8%a8-%d9%8a%d8%aa%d9%82%d9%88%d9%89-%d8%a3%d9%85%d8%a7%d9%85-%d8%a7%d9%84%d8%ac%d8%b2%d8%a7%d8%a6%d8%b1-1475933.html
"المغرب يرأس الأمانة العامة لـ""أفروساي""",https://www.hespress.com/%d8%a7%d9%84%d9%85%d8%ba%d8%b1%d8%a8-%d9%8a%d8%b1%d8%a3%d8%b3-%d8%a7%d9%84%d8%a3%d9%85%d8%a7%d9%86%d8%a9-%d8%a7%d9%84%d8%b9%d8%a7%d9%85%d8%a9-%d9%84%d9%80%d8%a3%d9%81%d8%b1%d9%88%d8%b3%d8%a7%d9%8a-1475683.html
"أخنوش يمثل الملك بقمة ""المياه الواحدة""",https://www.hespress.com/%d8%a3%d8%ae%d9%86%d9%88%d8%b4-%d9%8a%d9%85%d8%ab%d9%84-%d8%a7%d9%84%d9%85%d9%84%d9%83-%d8%a8%d9%82%d9%85%d8%a9-%d8%a7%d9%84%d9%85%d9%8a%d8%a7%d9%87-%d8%a7%d9%84%d9%88%d8%a7%d8%ad%d8%af%d8%a9-1474733.html
"""الأحرار"" يعزز الحضور بالفقيه بنصالح",https://www.hespress.com/%d8%a7%d9%84%d8%a3%d8%ad%d8%b1%d8%a7%d8%b1-%d9%8a%d8%b9%d8%b2%d8%b2-%d8%a7%d9%84%d8%ad%d8%b6%d9%88%d8%b1-%d8%a8%d8%a7%d9%84%d9%81%d9%82%d9%8a%d9%87-%d8%a8%d9%86%d8%b5%d8%a7%d9%84%d8%ad-1485290.html
"لقجع يُحذّر من خطورة أنشطة شركة ""1XBET"" الروسية للرهان الرياضي",https://www.hespress.com/%d9%84%d9%82%d8%ac%d8%b9-%d9%8a%d9%8f%d8%ad%d8%b0%d9%91%d8%b1-%d9%85%d9%86-%d8%ae%d8%b7%d9%88%d8%b1%d8%a9-%d8%a3%d9%86%d8%b4%d8%b7%d8%a9-%d8%b4%d8%b1%d9%83%d8%a9-1xbet-%d8%a7%d9%84%d8%b1%d9%88-1476626.html
المغرب يشارك في اجتماع الأمن السيبراني,https://www.hespress.com/%d8%a7%d9%84%d9%85%d8%ba%d8%b1%d8%a8-%d9%8a%d8%b4%d8%a7%d8%b1%d9%83-%d9%81%d9%8a-%d8%a7%d8%ac%d8%aa%d9%85%d8%a7%d8%b9-%d8%a7%d9%84%d8%a3%d9%85%d9%86-%d8%a7%d9%84%d8%b3%d9%8a%d8%a8%d8%b1%d8%a7%d9%86-1486703.html
"""أنبوب الغاز والمبادرة الأطلسية"".. الملك يستقبل الرئيس الموريتاني",https://www.hespress.com/%d8%a3%d9%86%d8%a8%d9%88%d8%a8-%d8%a7%d9%84%d8%ba%d8%a7%d8%b2-%d9%88%d8%a7%d9%84%d9%85%d8%a8%d8%a7%d8%af%d8%b1%d8%a9-%d8%a7%d9%84%d8%a3%d8%b7%d9%84%d8%b3%d9%8a%d8%a9-%d8%a7%d9%84%d9%85%d9%84-1485158.html
أخنوش يترأس اجتماعا حول الشغل,https://www.hespress.com/%d8%a3%d8%ae%d9%86%d9%88%d8%b4-%d9%8a%d8%aa%d8%b1%d8%a3%d8%b3-%d8%a7%d8%ac%d8%aa%d9%85%d8%a7%d8%b9%d8%a7-%d8%ad%d9%88%d9%84-%d8%a7%d9%84%d8%b4%d8%ba%d9%84-1479318.html
مالطا: الحكم الذاتي أساس للتسوية,https://www.hespress.com/%d9%85%d8%a7%d9%84%d8%b7%d8%a7-%d8%a7%d9%84%d8%ad%d9%83%d9%85-%d8%a7%d9%84%d8%b0%d8%a7%d8%aa%d9%8a-%d8%a3%d8%b3%d8%a7%d8%b3-%d9%84%d9%84%d8%aa%d8%b3%d9%88%d9%8a%d8%a9-1483886.html
"رئيس ""الأنتربول"" ينوّه بانتخاب المغرب",https://www.hespress.com/%d8%b1%d8%a6%d9%8a%d8%b3-%d8%a7%d9%84%d8%a3%d9%86%d8%aa%d8%b1%d8%a8%d9%88%d9%84-%d9%8a%d9%86%d9%88%d9%91%d9%87-%d8%a8%d8%a7%d9%86%d8%aa%d8%ae%d8%a7%d8%a8-%d8%a7%d9%84%d9%85%d8%ba%d8%b1%d8%a8-1475656.html
اليعقوبي يشكر الملك لنصرة سوريا,https://www.hespress.com/%d8%a7%d9%84%d9%8a%d8%b9%d9%82%d9%88%d8%a8%d9%8a-%d9%8a%d8%b4%d9%83%d8%b1-%d8%a7%d9%84%d9%85%d9%84%d9%83-%d9%84%d9%86%d8%b5%d8%b1%d8%a9-%d8%b3%d9%88%d8%b1%d9%8a%d8%a7-1478668.html
مسار الشرفي رئيس هيئة ضبط الكهرباء,https://www.hespress.com/%d9%85%d8%b3%d8%a7%d8%b1-%d8%a7%d9%84%d8%b4%d8%b1%d9%81%d9%8a-%d8%b1%d8%a6%d9%8a%d8%b3-%d9%87%d9%8a%d8%a6%d8%a9-%d8%b6%d8%a8%d8%b7-%d8%a7%d9%84%d9%83%d9%87%d8%b1%d8%a8%d8%a7%d8%a1-1475696.html
اتهام نائبة برلمانية للمعارضة بالترويج لأجندات خارجية يثير جدلا سياسيا,https://www.hespress.com/%d8%a7%d8%aa%d9%87%d8%a7%d9%85-%d9%86%d8%a7%d8%a6%d8%a8%d8%a9-%d8%a8%d8%b1%d9%84%d9%85%d8%a7%d9%86%d9%8a%d8%a9-%d9%84%d9%84%d9%85%d8%b9%d8%a7%d8%b1%d8%b6%d8%a9-%d8%a8%d8%a7%d9%84%d8%aa%d8%b1%d9%88-1475619.html
"لجنة النواب تمرر ""قانون الإضراب""",https://www.hespress.com/%d9%84%d8%ac%d9%86%d8%a9-%d8%a7%d9%84%d9%86%d9%88%d8%a7%d8%a8-%d8%aa%d9%85%d8%b1%d8%b1-%d9%82%d8%a7%d9%86%d9%88%d9%86-%d8%a7%d9%84%d8%a5%d8%b6%d8%b1%d8%a7%d8%a8-1475252.html
التوفيق: أمير المؤمنين مع الاجتهاد في المسائل الدينية .. ويحمي ما يتسم بالقطعية,https://www.hespress.com/%d8%a7%d9%84%d8%aa%d9%88%d9%81%d9%8a%d9%82-%d8%a3%d9%85%d9%8a%d8%b1-%d8%a7%d9%84%d9%85%d8%a4%d9%85%d9%86%d9%8a%d9%86-%d9%85%d8%b9-%d8%a7%d9%84%d8%a7%d8%ac%d8%aa%d9%87%d8%a7%d8%af-%d9%81%d9%8a-%d8%a7-1473851.html
النظام الجزائري يروج وثيقة مزورة لتسميم الأجواء بين المغرب ومصر,https://www.hespress.com/%d8%a7%d9%84%d9%86%d8%b8%d8%a7%d9%85-%d8%a7%d9%84%d8%ac%d8%b2%d8%a7%d8%a6%d8%b1%d9%8a-%d9%8a%d8%b1%d9%88%d8%ac-%d9%88%d8%ab%d9%8a%d9%82%d8%a9-%d9%85%d8%b2%d9%88%d8%b1%d8%a9-%d9%84%d8%aa%d8%b3%d9%85-1488088.html
"ورقة تثير احتمال نشوب ""مواجهة عسكرية محدودة"" بين المغرب والجزائر",https://www.hespress.com/%d9%88%d8%b1%d9%82%d8%a9-%d8%a8%d8%ad%d8%ab%d9%8a%d8%a9-%d8%aa%d8%ab%d9%8a%d8%b1-%d8%a7%d8%ad%d8%aa%d9%85%d8%a7%d9%84-%d9%86%d8%b4%d9%88%d8%a8-%d9%85%d9%88%d8%a7%d8%ac%d9%87%d8%a9-%d8%b9%d8%b3%d9%83-1479906.html
